--------------------------------------------------------
--  파일이 생성됨 - 목요일-1월-24-2019   
--------------------------------------------------------
--------------------------------------------------------
--  DDL for Sequence ATTD_REST_SEQ
--------------------------------------------------------

   CREATE SEQUENCE  "TEST4"."ATTD_REST_SEQ"  MINVALUE 1 MAXVALUE 9999999999999999999999999999 INCREMENT BY 1 START WITH 181 CACHE 20 ORDER  NOCYCLE ;
--------------------------------------------------------
--  DDL for Sequence DAILY_ATTD_SEQ
--------------------------------------------------------

   CREATE SEQUENCE  "TEST4"."DAILY_ATTD_SEQ"  MINVALUE 1 MAXVALUE 9999999999999999999999999999 INCREMENT BY 1 START WITH 721 CACHE 20 ORDER  NOCYCLE ;
--------------------------------------------------------
--  DDL for Sequence DAY_ANNUAL_SEQ
--------------------------------------------------------

   CREATE SEQUENCE  "TEST4"."DAY_ANNUAL_SEQ"  MINVALUE 1 MAXVALUE 9999999999999999999999999999 INCREMENT BY 1 START WITH 141 CACHE 20 NOORDER  NOCYCLE ;
--------------------------------------------------------
--  DDL for Sequence DAY_ATTD_SEQ
--------------------------------------------------------

   CREATE SEQUENCE  "TEST4"."DAY_ATTD_SEQ"  MINVALUE 1 MAXVALUE 9999999999999999999999999999 INCREMENT BY 1 START WITH 1 CACHE 20 ORDER  NOCYCLE ;
--------------------------------------------------------
--  DDL for Sequence EDUCATION_SEQ
--------------------------------------------------------

   CREATE SEQUENCE  "TEST4"."EDUCATION_SEQ"  MINVALUE 1 MAXVALUE 9999999999999999999999999999 INCREMENT BY 1 START WITH 1 CACHE 20 ORDER  NOCYCLE ;
--------------------------------------------------------
--  DDL for Sequence FAMILY_SEQ
--------------------------------------------------------

   CREATE SEQUENCE  "TEST4"."FAMILY_SEQ"  MINVALUE 1 MAXVALUE 9999999999999999999999999999 INCREMENT BY 1 START WITH 1 CACHE 20 ORDER  NOCYCLE ;
--------------------------------------------------------
--  DDL for Sequence LICENSE_SEQ
--------------------------------------------------------

   CREATE SEQUENCE  "TEST4"."LICENSE_SEQ"  MINVALUE 1 MAXVALUE 9999999999999999999999999999 INCREMENT BY 1 START WITH 1 CACHE 20 ORDER  NOCYCLE ;
--------------------------------------------------------
--  DDL for Sequence OVER_NIGHT_SEQ
--------------------------------------------------------

   CREATE SEQUENCE  "TEST4"."OVER_NIGHT_SEQ"  MINVALUE 1 MAXVALUE 9999999999999999999999999999 INCREMENT BY 1 START WITH 341 CACHE 20 ORDER  NOCYCLE ;
--------------------------------------------------------
--  DDL for Sequence PAY_DEDUCTION_ITEM_SEQ
--------------------------------------------------------

   CREATE SEQUENCE  "TEST4"."PAY_DEDUCTION_ITEM_SEQ"  MINVALUE 1 MAXVALUE 9999999999999999999999999999 INCREMENT BY 1 START WITH 1 CACHE 20 ORDER  NOCYCLE ;
--------------------------------------------------------
--  DDL for Sequence PAY_DEDUCTION_SEQ
--------------------------------------------------------

   CREATE SEQUENCE  "TEST4"."PAY_DEDUCTION_SEQ"  MINVALUE 0 MAXVALUE 9999999999999999999999999999 INCREMENT BY 1 START WITH 81 CACHE 20 ORDER  NOCYCLE ;
--------------------------------------------------------
--  DDL for Sequence SEQ_CODE
--------------------------------------------------------

   CREATE SEQUENCE  "TEST4"."SEQ_CODE"  MINVALUE 1 MAXVALUE 9999999999999999999999999999 INCREMENT BY 1 START WITH 66 CACHE 20 NOORDER  NOCYCLE ;
--------------------------------------------------------
--  DDL for Table ANNUAL_MGT
--------------------------------------------------------

  CREATE TABLE "TEST4"."ANNUAL_MGT" 
   (	"STANDARD_YEAR" VARCHAR2(6 BYTE), 
	"EMP_CODE" VARCHAR2(14 BYTE), 
	"USED_DAYS" VARCHAR2(3 BYTE), 
	"REST_DAYS" VARCHAR2(4 BYTE), 
	"USABLE_DAYS" VARCHAR2(4 BYTE), 
	"LENGTH_OF_SERVICE" VARCHAR2(3 BYTE)
   ) SEGMENT CREATION IMMEDIATE 
  PCTFREE 10 PCTUSED 40 INITRANS 1 MAXTRANS 255 NOCOMPRESS LOGGING
  STORAGE(INITIAL 65536 NEXT 1048576 MINEXTENTS 1 MAXEXTENTS 2147483645
  PCTINCREASE 0 FREELISTS 1 FREELIST GROUPS 1 BUFFER_POOL DEFAULT FLASH_CACHE DEFAULT CELL_FLASH_CACHE DEFAULT)
  TABLESPACE "SYSTEM" ;
--------------------------------------------------------
--  DDL for Table ATTD_REST_MGT
--------------------------------------------------------

  CREATE TABLE "TEST4"."ATTD_REST_MGT" 
   (	"ATTD_REST_SEQ" VARCHAR2(100 BYTE), 
	"EMP_CODE" VARCHAR2(100 BYTE), 
	"ATTD_REST_CODE" VARCHAR2(100 BYTE), 
	"REQUEST_DATE" VARCHAR2(100 BYTE), 
	"START_DATE" VARCHAR2(100 BYTE), 
	"END_DATE" VARCHAR2(100 BYTE), 
	"DAYS" VARCHAR2(100 BYTE), 
	"COST" VARCHAR2(100 BYTE), 
	"CAUSE" VARCHAR2(100 BYTE), 
	"APPROVAL_STATUS" VARCHAR2(100 BYTE), 
	"EMP_NAME" VARCHAR2(100 BYTE), 
	"OTHER_SUDANG" VARCHAR2(100 BYTE)
   ) SEGMENT CREATION IMMEDIATE 
  PCTFREE 10 PCTUSED 40 INITRANS 1 MAXTRANS 255 NOCOMPRESS LOGGING
  STORAGE(INITIAL 65536 NEXT 1048576 MINEXTENTS 1 MAXEXTENTS 2147483645
  PCTINCREASE 0 FREELISTS 1 FREELIST GROUPS 1 BUFFER_POOL DEFAULT FLASH_CACHE DEFAULT CELL_FLASH_CACHE DEFAULT)
  TABLESPACE "SYSTEM" ;
--------------------------------------------------------
--  DDL for Table AUTHORITY
--------------------------------------------------------

  CREATE TABLE "TEST4"."AUTHORITY" 
   (	"AUTHORITY_CODE" VARCHAR2(26 BYTE), 
	"AUTHORITY_NAME" VARCHAR2(26 BYTE)
   ) SEGMENT CREATION IMMEDIATE 
  PCTFREE 10 PCTUSED 40 INITRANS 1 MAXTRANS 255 NOCOMPRESS LOGGING
  STORAGE(INITIAL 65536 NEXT 1048576 MINEXTENTS 1 MAXEXTENTS 2147483645
  PCTINCREASE 0 FREELISTS 1 FREELIST GROUPS 1 BUFFER_POOL DEFAULT FLASH_CACHE DEFAULT CELL_FLASH_CACHE DEFAULT)
  TABLESPACE "SYSTEM" ;
--------------------------------------------------------
--  DDL for Table BASE_WORK_TIME
--------------------------------------------------------

  CREATE TABLE "TEST4"."BASE_WORK_TIME" 
   (	"APPLY_YEAR" VARCHAR2(6 BYTE), 
	"ATTEND_TIME" VARCHAR2(26 BYTE), 
	"QUIT_TIME" VARCHAR2(6 BYTE), 
	"OVER_TIME" VARCHAR2(6 BYTE), 
	"NIGHT_TIME" VARCHAR2(6 BYTE), 
	"LUNCH_START_TIME" VARCHAR2(6 BYTE), 
	"LUNCH_END_TIME" VARCHAR2(6 BYTE), 
	"DINNER_START_TIME" VARCHAR2(6 BYTE), 
	"DINNER_END_TIME" VARCHAR2(6 BYTE)
   ) SEGMENT CREATION IMMEDIATE 
  PCTFREE 10 PCTUSED 40 INITRANS 1 MAXTRANS 255 NOCOMPRESS LOGGING
  STORAGE(INITIAL 65536 NEXT 1048576 MINEXTENTS 1 MAXEXTENTS 2147483645
  PCTINCREASE 0 FREELISTS 1 FREELIST GROUPS 1 BUFFER_POOL DEFAULT FLASH_CACHE DEFAULT CELL_FLASH_CACHE DEFAULT)
  TABLESPACE "SYSTEM" ;
--------------------------------------------------------
--  DDL for Table BUSINESS_PLACE
--------------------------------------------------------

  CREATE TABLE "TEST4"."BUSINESS_PLACE" 
   (	"BUSINESS_PLACE_CODE" VARCHAR2(100 BYTE), 
	"BUSINESS_PLACE_NAME" VARCHAR2(100 BYTE), 
	"BUSINESS_PLACE_TEL" VARCHAR2(100 BYTE), 
	"COMPANY_CODE" VARCHAR2(100 BYTE)
   ) SEGMENT CREATION IMMEDIATE 
  PCTFREE 10 PCTUSED 40 INITRANS 1 MAXTRANS 255 NOCOMPRESS LOGGING
  STORAGE(INITIAL 65536 NEXT 1048576 MINEXTENTS 1 MAXEXTENTS 2147483645
  PCTINCREASE 0 FREELISTS 1 FREELIST GROUPS 1 BUFFER_POOL DEFAULT FLASH_CACHE DEFAULT CELL_FLASH_CACHE DEFAULT)
  TABLESPACE "SYSTEM" ;
--------------------------------------------------------
--  DDL for Table CODE
--------------------------------------------------------

  CREATE TABLE "TEST4"."CODE" 
   (	"CODE" VARCHAR2(26 BYTE), 
	"CODE_NAME" VARCHAR2(26 BYTE), 
	"USING_STATUS" VARCHAR2(26 BYTE)
   ) SEGMENT CREATION IMMEDIATE 
  PCTFREE 10 PCTUSED 40 INITRANS 1 MAXTRANS 255 NOCOMPRESS LOGGING
  STORAGE(INITIAL 65536 NEXT 1048576 MINEXTENTS 1 MAXEXTENTS 2147483645
  PCTINCREASE 0 FREELISTS 1 FREELIST GROUPS 1 BUFFER_POOL DEFAULT FLASH_CACHE DEFAULT CELL_FLASH_CACHE DEFAULT)
  TABLESPACE "SYSTEM" ;
--------------------------------------------------------
--  DDL for Table COMPANY
--------------------------------------------------------

  CREATE TABLE "TEST4"."COMPANY" 
   (	"COMPANY_CODE" VARCHAR2(50 BYTE), 
	"COMPANY_NAME" VARCHAR2(50 BYTE), 
	"COMPANY_DIVISION" VARCHAR2(50 BYTE), 
	"BUSINESS_LICENSE_NUMBER" VARCHAR2(50 BYTE), 
	"CORPORATION_LICENSE_NUMBER" VARCHAR2(50 BYTE), 
	"COMPANY_CEO_NAME" VARCHAR2(50 BYTE), 
	"COMPANY_BUSINESS_CONDITIONS" VARCHAR2(50 BYTE), 
	"COMPANY_BUSINESS_ITEMS" VARCHAR2(50 BYTE), 
	"COMPANY_ZIP_CODE" VARCHAR2(50 BYTE), 
	"COMPANY_BASIC_ADDRESS" VARCHAR2(50 BYTE), 
	"COMPANY_DETAIL_ADDRESS" VARCHAR2(50 BYTE), 
	"COMPANY_TEL_NUMBER" VARCHAR2(50 BYTE), 
	"COMPANY_FAX_NUMBER" VARCHAR2(50 BYTE), 
	"COMPANY_ESTABLISHMENT_DATE" VARCHAR2(50 BYTE), 
	"COMPANY_OPEN_DATE" VARCHAR2(50 BYTE)
   ) SEGMENT CREATION IMMEDIATE 
  PCTFREE 10 PCTUSED 40 INITRANS 1 MAXTRANS 255 NOCOMPRESS LOGGING
  STORAGE(INITIAL 65536 NEXT 1048576 MINEXTENTS 1 MAXEXTENTS 2147483645
  PCTINCREASE 0 FREELISTS 1 FREELIST GROUPS 1 BUFFER_POOL DEFAULT FLASH_CACHE DEFAULT CELL_FLASH_CACHE DEFAULT)
  TABLESPACE "SYSTEM" ;
--------------------------------------------------------
--  DDL for Table DAY_ANNUAL
--------------------------------------------------------

  CREATE TABLE "TEST4"."DAY_ANNUAL" 
   (	"DAY_ANNUAL_SEQ" VARCHAR2(4 BYTE), 
	"EMP_CODE" VARCHAR2(14 BYTE), 
	"START_DATE" VARCHAR2(10 BYTE), 
	"END_DATE" VARCHAR2(10 BYTE), 
	"CAUSE_CODE" VARCHAR2(100 BYTE), 
	"DETAIL_CAUSE" VARCHAR2(100 BYTE), 
	"STANDARD_YEAR" VARCHAR2(6 BYTE), 
	"ANNUAL_CODE" VARCHAR2(26 BYTE), 
	"DAYS" VARCHAR2(3 BYTE), 
	"APPROVAL_STATUS" VARCHAR2(26 BYTE), 
	"EMP_NAME" VARCHAR2(26 BYTE)
   ) SEGMENT CREATION IMMEDIATE 
  PCTFREE 10 PCTUSED 40 INITRANS 1 MAXTRANS 255 NOCOMPRESS LOGGING
  STORAGE(INITIAL 65536 NEXT 1048576 MINEXTENTS 1 MAXEXTENTS 2147483645
  PCTINCREASE 0 FREELISTS 1 FREELIST GROUPS 1 BUFFER_POOL DEFAULT FLASH_CACHE DEFAULT CELL_FLASH_CACHE DEFAULT)
  TABLESPACE "SYSTEM" ;
--------------------------------------------------------
--  DDL for Table DAY_ATTD
--------------------------------------------------------

  CREATE TABLE "TEST4"."DAY_ATTD" 
   (	"DAY_ATTD_SEQ" VARCHAR2(50 BYTE), 
	"EMP_CODE" VARCHAR2(50 BYTE), 
	"BASIC_DAY" VARCHAR2(50 BYTE), 
	"ATTD_TYPE_CODE" VARCHAR2(50 BYTE), 
	"TIME" VARCHAR2(50 BYTE), 
	"APPROVAL_STATUS" VARCHAR2(50 BYTE), 
	"COST" VARCHAR2(50 BYTE), 
	"CAUSE" VARCHAR2(200 BYTE), 
	"EMP_NAME" VARCHAR2(50 BYTE)
   ) SEGMENT CREATION IMMEDIATE 
  PCTFREE 10 PCTUSED 40 INITRANS 1 MAXTRANS 255 NOCOMPRESS LOGGING
  STORAGE(INITIAL 65536 NEXT 1048576 MINEXTENTS 1 MAXEXTENTS 2147483645
  PCTINCREASE 0 FREELISTS 1 FREELIST GROUPS 1 BUFFER_POOL DEFAULT FLASH_CACHE DEFAULT CELL_FLASH_CACHE DEFAULT)
  TABLESPACE "SYSTEM" ;
--------------------------------------------------------
--  DDL for Table DAY_ATTD_MGT
--------------------------------------------------------

  CREATE TABLE "TEST4"."DAY_ATTD_MGT" 
   (	"BASIC_DAY" VARCHAR2(10 BYTE), 
	"EMP_CODE" VARCHAR2(14 BYTE), 
	"DAILY" VARCHAR2(26 BYTE), 
	"ATTEND_TIME" VARCHAR2(6 BYTE), 
	"ATTEND_TYPE_CODE" VARCHAR2(26 BYTE), 
	"QUIT_TIME" VARCHAR2(6 BYTE), 
	"QUIT_TYPE_CODE" VARCHAR2(26 BYTE), 
	"LEAVE_TIME" VARCHAR2(6 BYTE), 
	"RETURN_TIME" VARCHAR2(6 BYTE), 
	"LEAVE_HOUR" VARCHAR2(3 BYTE), 
	"WORK_HOUR" VARCHAR2(3 BYTE), 
	"LATE_HOUR" VARCHAR2(3 BYTE), 
	"OVER_WORK_HOUR" VARCHAR2(3 BYTE), 
	"NIGHT_WORK_HOUR" VARCHAR2(3 BYTE), 
	"CLOSE_YN" VARCHAR2(26 BYTE), 
	"ATTD_DAY_TYPE" VARCHAR2(26 BYTE), 
	"EARLY_LEAVE_TIME" VARCHAR2(26 BYTE), 
	"EMP_NAME" VARCHAR2(26 BYTE)
   ) SEGMENT CREATION IMMEDIATE 
  PCTFREE 10 PCTUSED 40 INITRANS 1 MAXTRANS 255 NOCOMPRESS LOGGING
  STORAGE(INITIAL 65536 NEXT 1048576 MINEXTENTS 1 MAXEXTENTS 2147483645
  PCTINCREASE 0 FREELISTS 1 FREELIST GROUPS 1 BUFFER_POOL DEFAULT FLASH_CACHE DEFAULT CELL_FLASH_CACHE DEFAULT)
  TABLESPACE "SYSTEM" ;
--------------------------------------------------------
--  DDL for Table DEDUCTIONS_TAX_MGT
--------------------------------------------------------

  CREATE TABLE "TEST4"."DEDUCTIONS_TAX_MGT" 
   (	"INPUTED_YEAR" VARCHAR2(6 BYTE), 
	"HEALTH_INSUR_RATE" VARCHAR2(7 BYTE), 
	"NATIONAL_PEN_RATE" VARCHAR2(6 BYTE), 
	"LONG_TERM_CARE_RATE" VARCHAR2(6 BYTE), 
	"EMPLOYEEMENT_INSUR_RATE" VARCHAR2(5 BYTE)
   ) SEGMENT CREATION IMMEDIATE 
  PCTFREE 10 PCTUSED 40 INITRANS 1 MAXTRANS 255 NOCOMPRESS LOGGING
  STORAGE(INITIAL 65536 NEXT 1048576 MINEXTENTS 1 MAXEXTENTS 2147483645
  PCTINCREASE 0 FREELISTS 1 FREELIST GROUPS 1 BUFFER_POOL DEFAULT FLASH_CACHE DEFAULT CELL_FLASH_CACHE DEFAULT)
  TABLESPACE "SYSTEM" ;
--------------------------------------------------------
--  DDL for Table DEPARTMENT
--------------------------------------------------------

  CREATE TABLE "TEST4"."DEPARTMENT" 
   (	"DEPT_CODE" VARCHAR2(26 BYTE), 
	"DEPT_NAME" VARCHAR2(26 BYTE), 
	"DEPT_TEL" VARCHAR2(26 BYTE), 
	"BUSINESS_PLACE_CODE" VARCHAR2(100 BYTE)
   ) SEGMENT CREATION IMMEDIATE 
  PCTFREE 10 PCTUSED 40 INITRANS 1 MAXTRANS 255 NOCOMPRESS LOGGING
  STORAGE(INITIAL 65536 NEXT 1048576 MINEXTENTS 1 MAXEXTENTS 2147483645
  PCTINCREASE 0 FREELISTS 1 FREELIST GROUPS 1 BUFFER_POOL DEFAULT FLASH_CACHE DEFAULT CELL_FLASH_CACHE DEFAULT)
  TABLESPACE "SYSTEM" ;
--------------------------------------------------------
--  DDL for Table DETAIL_CODE
--------------------------------------------------------

  CREATE TABLE "TEST4"."DETAIL_CODE" 
   (	"CODE" VARCHAR2(26 BYTE), 
	"DETAIL_CODE" VARCHAR2(26 BYTE), 
	"DETAIL_CODE_NAME" VARCHAR2(26 BYTE), 
	"USING_STATUS" VARCHAR2(26 BYTE)
   ) SEGMENT CREATION IMMEDIATE 
  PCTFREE 10 PCTUSED 40 INITRANS 1 MAXTRANS 255 NOCOMPRESS LOGGING
  STORAGE(INITIAL 65536 NEXT 1048576 MINEXTENTS 1 MAXEXTENTS 2147483645
  PCTINCREASE 0 FREELISTS 1 FREELIST GROUPS 1 BUFFER_POOL DEFAULT FLASH_CACHE DEFAULT CELL_FLASH_CACHE DEFAULT)
  TABLESPACE "SYSTEM" ;
--------------------------------------------------------
--  DDL for Table EDUCATION_INFO
--------------------------------------------------------

  CREATE TABLE "TEST4"."EDUCATION_INFO" 
   (	"EDUCATION_SEQ" VARCHAR2(26 BYTE), 
	"EMP_CODE" VARCHAR2(26 BYTE), 
	"CAMPUS" VARCHAR2(26 BYTE), 
	"MAJOR" VARCHAR2(26 BYTE), 
	"SUB_MAJOR" VARCHAR2(26 BYTE), 
	"ENTER_DATE" VARCHAR2(26 BYTE), 
	"GRADUATION_DATE" VARCHAR2(26 BYTE), 
	"GRADE" VARCHAR2(26 BYTE), 
	"LOCATION" VARCHAR2(26 BYTE)
   ) SEGMENT CREATION IMMEDIATE 
  PCTFREE 10 PCTUSED 40 INITRANS 1 MAXTRANS 255 NOCOMPRESS LOGGING
  STORAGE(INITIAL 65536 NEXT 1048576 MINEXTENTS 1 MAXEXTENTS 2147483645
  PCTINCREASE 0 FREELISTS 1 FREELIST GROUPS 1 BUFFER_POOL DEFAULT FLASH_CACHE DEFAULT CELL_FLASH_CACHE DEFAULT)
  TABLESPACE "SYSTEM" ;
--------------------------------------------------------
--  DDL for Table EMPLOYEE
--------------------------------------------------------

  CREATE TABLE "TEST4"."EMPLOYEE" 
   (	"EMP_CODE" VARCHAR2(14 BYTE), 
	"EMP_NAME" VARCHAR2(26 BYTE), 
	"PASSWORD" VARCHAR2(6 BYTE), 
	"POSITION_CODE" VARCHAR2(26 BYTE), 
	"AUTHORITY_CODE" VARCHAR2(26 BYTE), 
	"DEPT_CODE" VARCHAR2(26 BYTE), 
	"BUSINESS_CODE" VARCHAR2(26 BYTE)
   ) SEGMENT CREATION IMMEDIATE 
  PCTFREE 10 PCTUSED 40 INITRANS 1 MAXTRANS 255 NOCOMPRESS LOGGING
  STORAGE(INITIAL 65536 NEXT 1048576 MINEXTENTS 1 MAXEXTENTS 2147483645
  PCTINCREASE 0 FREELISTS 1 FREELIST GROUPS 1 BUFFER_POOL DEFAULT FLASH_CACHE DEFAULT CELL_FLASH_CACHE DEFAULT)
  TABLESPACE "SYSTEM" ;
--------------------------------------------------------
--  DDL for Table EMPLOYEE_INFO
--------------------------------------------------------

  CREATE TABLE "TEST4"."EMPLOYEE_INFO" 
   (	"EMP_CODE" VARCHAR2(26 BYTE), 
	"EMP_NAME" VARCHAR2(26 BYTE), 
	"RESIDENT_NUMBER" VARCHAR2(26 BYTE), 
	"BIRTH_DATE" VARCHAR2(26 BYTE), 
	"GENDER" VARCHAR2(26 BYTE), 
	"TEL" VARCHAR2(26 BYTE), 
	"PHONE_NUMBER" VARCHAR2(26 BYTE), 
	"NATIVE_TYPE_CODE" VARCHAR2(26 BYTE), 
	"EMAIL" VARCHAR2(26 BYTE), 
	"HIGHEST_EDUCATION_CODE" VARCHAR2(26 BYTE), 
	"BASE_ADDRESS" VARCHAR2(200 BYTE), 
	"DETAIL_ADDRESS" VARCHAR2(26 BYTE), 
	"ZIP_CODE" VARCHAR2(26 BYTE), 
	"IMG_SRC" VARCHAR2(26 BYTE), 
	"DISABILITY_CODE" VARCHAR2(26 BYTE)
   ) SEGMENT CREATION IMMEDIATE 
  PCTFREE 10 PCTUSED 40 INITRANS 1 MAXTRANS 255 NOCOMPRESS LOGGING
  STORAGE(INITIAL 65536 NEXT 1048576 MINEXTENTS 1 MAXEXTENTS 2147483645
  PCTINCREASE 0 FREELISTS 1 FREELIST GROUPS 1 BUFFER_POOL DEFAULT FLASH_CACHE DEFAULT CELL_FLASH_CACHE DEFAULT)
  TABLESPACE "SYSTEM" ;
--------------------------------------------------------
--  DDL for Table ETC_SAL
--------------------------------------------------------

  CREATE TABLE "TEST4"."ETC_SAL" 
   (	"ETC_SAL_CODE" VARCHAR2(26 BYTE), 
	"ETC_SAL_NAME" VARCHAR2(26 BYTE), 
	"ETC_SAL_PRICE" VARCHAR2(8 BYTE)
   ) SEGMENT CREATION IMMEDIATE 
  PCTFREE 10 PCTUSED 40 INITRANS 1 MAXTRANS 255 NOCOMPRESS LOGGING
  STORAGE(INITIAL 65536 NEXT 1048576 MINEXTENTS 1 MAXEXTENTS 2147483645
  PCTINCREASE 0 FREELISTS 1 FREELIST GROUPS 1 BUFFER_POOL DEFAULT FLASH_CACHE DEFAULT CELL_FLASH_CACHE DEFAULT)
  TABLESPACE "SYSTEM" ;
--------------------------------------------------------
--  DDL for Table FAMILY_INFO
--------------------------------------------------------

  CREATE TABLE "TEST4"."FAMILY_INFO" 
   (	"RELATIONSHIP" VARCHAR2(26 BYTE), 
	"EMP_CODE" VARCHAR2(14 BYTE), 
	"FAMILY_NAME" VARCHAR2(26 BYTE), 
	"SUPPORTING" VARCHAR2(26 BYTE), 
	"COHABITATION_STATUS" VARCHAR2(3 BYTE), 
	"DISABILITY_CODE" VARCHAR2(26 BYTE), 
	"HIGHEST_EDUCATION_CODE" VARCHAR2(26 BYTE), 
	"JOB" VARCHAR2(26 BYTE), 
	"COMPANY_NAME" VARCHAR2(26 BYTE), 
	"TEL" VARCHAR2(26 BYTE), 
	"FAMILY_BIRTH_DATE" VARCHAR2(10 BYTE), 
	"FAMILY_SEQ" VARCHAR2(4 BYTE)
   ) SEGMENT CREATION IMMEDIATE 
  PCTFREE 10 PCTUSED 40 INITRANS 1 MAXTRANS 255 NOCOMPRESS LOGGING
  STORAGE(INITIAL 65536 NEXT 1048576 MINEXTENTS 1 MAXEXTENTS 2147483645
  PCTINCREASE 0 FREELISTS 1 FREELIST GROUPS 1 BUFFER_POOL DEFAULT FLASH_CACHE DEFAULT CELL_FLASH_CACHE DEFAULT)
  TABLESPACE "SYSTEM" ;
--------------------------------------------------------
--  DDL for Table HOBONG
--------------------------------------------------------

  CREATE TABLE "TEST4"."HOBONG" 
   (	"HOBONG" VARCHAR2(100 BYTE), 
	"POSITION_CODE" VARCHAR2(100 BYTE), 
	"BASE_SAL" VARCHAR2(26 BYTE), 
	"BONUS" VARCHAR2(26 BYTE), 
	"SIGUB" VARCHAR2(26 BYTE)
   ) SEGMENT CREATION IMMEDIATE 
  PCTFREE 10 PCTUSED 40 INITRANS 1 MAXTRANS 255 NOCOMPRESS LOGGING
  STORAGE(INITIAL 65536 NEXT 1048576 MINEXTENTS 1 MAXEXTENTS 2147483645
  PCTINCREASE 0 FREELISTS 1 FREELIST GROUPS 1 BUFFER_POOL DEFAULT FLASH_CACHE DEFAULT CELL_FLASH_CACHE DEFAULT)
  TABLESPACE "SYSTEM" ;
--------------------------------------------------------
--  DDL for Table HOLIDAY_MGT
--------------------------------------------------------

  CREATE TABLE "TEST4"."HOLIDAY_MGT" 
   (	"BASIC_DAY" VARCHAR2(10 BYTE), 
	"HOLIDAY_NAME" VARCHAR2(26 BYTE), 
	"NOTE" VARCHAR2(26 BYTE), 
	"HOLIDAY_TYPE" VARCHAR2(26 BYTE)
   ) SEGMENT CREATION IMMEDIATE 
  PCTFREE 10 PCTUSED 40 INITRANS 1 MAXTRANS 255 NOCOMPRESS LOGGING
  STORAGE(INITIAL 65536 NEXT 1048576 MINEXTENTS 1 MAXEXTENTS 2147483645
  PCTINCREASE 0 FREELISTS 1 FREELIST GROUPS 1 BUFFER_POOL DEFAULT FLASH_CACHE DEFAULT CELL_FLASH_CACHE DEFAULT)
  TABLESPACE "SYSTEM" ;
--------------------------------------------------------
--  DDL for Table INCOME_TAX_MGT
--------------------------------------------------------

  CREATE TABLE "TEST4"."INCOME_TAX_MGT" 
   (	"INCOME_TAX_RATE" VARCHAR2(4 BYTE), 
	"INPUTED_YEAR" VARCHAR2(6 BYTE), 
	"LOW_SAL" VARCHAR2(11 BYTE), 
	"HIGH_SAL" VARCHAR2(12 BYTE), 
	"PROGRESSIVE_DEDUCTION" VARCHAR2(10 BYTE)
   ) SEGMENT CREATION IMMEDIATE 
  PCTFREE 10 PCTUSED 40 INITRANS 1 MAXTRANS 255 NOCOMPRESS LOGGING
  STORAGE(INITIAL 65536 NEXT 1048576 MINEXTENTS 1 MAXEXTENTS 2147483645
  PCTINCREASE 0 FREELISTS 1 FREELIST GROUPS 1 BUFFER_POOL DEFAULT FLASH_CACHE DEFAULT CELL_FLASH_CACHE DEFAULT)
  TABLESPACE "SYSTEM" ;
--------------------------------------------------------
--  DDL for Table LICENSE_INFO
--------------------------------------------------------

  CREATE TABLE "TEST4"."LICENSE_INFO" 
   (	"EMP_CODE" VARCHAR2(26 BYTE), 
	"LICENSE_SEQ" VARCHAR2(26 BYTE), 
	"LICENSE_NAME" VARCHAR2(26 BYTE), 
	"START_DATE" VARCHAR2(26 BYTE), 
	"END_DATE" VARCHAR2(26 BYTE), 
	"LICENSE_CENTER" VARCHAR2(26 BYTE), 
	"LICENSE_LEVEL" VARCHAR2(26 BYTE), 
	"LICENSE_NO" VARCHAR2(26 BYTE)
   ) SEGMENT CREATION IMMEDIATE 
  PCTFREE 10 PCTUSED 40 INITRANS 1 MAXTRANS 255 NOCOMPRESS LOGGING
  STORAGE(INITIAL 65536 NEXT 1048576 MINEXTENTS 1 MAXEXTENTS 2147483645
  PCTINCREASE 0 FREELISTS 1 FREELIST GROUPS 1 BUFFER_POOL DEFAULT FLASH_CACHE DEFAULT CELL_FLASH_CACHE DEFAULT)
  TABLESPACE "SYSTEM" ;
--------------------------------------------------------
--  DDL for Table MENU
--------------------------------------------------------

  CREATE TABLE "TEST4"."MENU" 
   (	"MENU_CODE" VARCHAR2(26 BYTE), 
	"SUPER_MENU_CODE" VARCHAR2(26 BYTE), 
	"MENU_NAME" VARCHAR2(26 BYTE), 
	"MENU_URL" VARCHAR2(128 BYTE), 
	"USING_STATUS" VARCHAR2(26 BYTE)
   ) SEGMENT CREATION IMMEDIATE 
  PCTFREE 10 PCTUSED 40 INITRANS 1 MAXTRANS 255 NOCOMPRESS LOGGING
  STORAGE(INITIAL 65536 NEXT 1048576 MINEXTENTS 1 MAXEXTENTS 2147483645
  PCTINCREASE 0 FREELISTS 1 FREELIST GROUPS 1 BUFFER_POOL DEFAULT FLASH_CACHE DEFAULT CELL_FLASH_CACHE DEFAULT)
  TABLESPACE "SYSTEM" ;
--------------------------------------------------------
--  DDL for Table MENU_AUTHORITY
--------------------------------------------------------

  CREATE TABLE "TEST4"."MENU_AUTHORITY" 
   (	"MENU_CODE" VARCHAR2(26 BYTE), 
	"AUTHORITY_CODE" VARCHAR2(26 BYTE), 
	"MENU_NAME" VARCHAR2(26 BYTE), 
	"AUTHORITY_NAME" VARCHAR2(26 BYTE)
   ) SEGMENT CREATION IMMEDIATE 
  PCTFREE 10 PCTUSED 40 INITRANS 1 MAXTRANS 255 NOCOMPRESS LOGGING
  STORAGE(INITIAL 65536 NEXT 1048576 MINEXTENTS 1 MAXEXTENTS 2147483645
  PCTINCREASE 0 FREELISTS 1 FREELIST GROUPS 1 BUFFER_POOL DEFAULT FLASH_CACHE DEFAULT CELL_FLASH_CACHE DEFAULT)
  TABLESPACE "SYSTEM" ;
--------------------------------------------------------
--  DDL for Table MONTH_ATTD_MGT
--------------------------------------------------------

  CREATE TABLE "TEST4"."MONTH_ATTD_MGT" 
   (	"BASIC_YEAR_MONTH" VARCHAR2(8 BYTE), 
	"EMP_CODE" VARCHAR2(14 BYTE), 
	"BASIC_WORK_HOUR" VARCHAR2(5 BYTE), 
	"WORK_HOUR" VARCHAR2(3 BYTE), 
	"OVER_WORK_HOUR" VARCHAR2(3 BYTE), 
	"NIGHT_WORK_HOUR" VARCHAR2(3 BYTE), 
	"BASIC_WORK_DAYS" VARCHAR2(4 BYTE), 
	"WEEKDAY_WORK" VARCHAR2(3 BYTE), 
	"HOLIDAY_WORK_DAYS" VARCHAR2(3 BYTE), 
	"HOLIDAY_WORK_HOUR" VARCHAR2(26 BYTE), 
	"HOLIDAY_OVER_WORK_HOUR" VARCHAR2(26 BYTE), 
	"HOLIDAY_NIGHT_WORK_HOUR" VARCHAR2(26 BYTE), 
	"ABSENT_DAYS" VARCHAR2(3 BYTE), 
	"LATE_DAYS" VARCHAR2(3 BYTE), 
	"LATE_HOUR" VARCHAR2(3 BYTE), 
	"LEAVE_EARLY_DAYS" VARCHAR2(3 BYTE), 
	"LEAVE_DAYS" VARCHAR2(3 BYTE), 
	"CLOSE_YN" VARCHAR2(26 BYTE), 
	"ATTD_REST_DAYS" VARCHAR2(3 BYTE)
   ) SEGMENT CREATION IMMEDIATE 
  PCTFREE 10 PCTUSED 40 INITRANS 1 MAXTRANS 255 NOCOMPRESS LOGGING
  STORAGE(INITIAL 65536 NEXT 1048576 MINEXTENTS 1 MAXEXTENTS 2147483645
  PCTINCREASE 0 FREELISTS 1 FREELIST GROUPS 1 BUFFER_POOL DEFAULT FLASH_CACHE DEFAULT CELL_FLASH_CACHE DEFAULT)
  TABLESPACE "SYSTEM" ;
--------------------------------------------------------
--  DDL for Table OVERTIME_SAL
--------------------------------------------------------

  CREATE TABLE "TEST4"."OVERTIME_SAL" 
   (	"OVERTIME_SAL_CODE" VARCHAR2(26 BYTE), 
	"OVERTIME_SAL_NAME" VARCHAR2(26 BYTE), 
	"OVERTIME_SAL_RATE" VARCHAR2(4 BYTE)
   ) SEGMENT CREATION IMMEDIATE 
  PCTFREE 10 PCTUSED 40 INITRANS 1 MAXTRANS 255 NOCOMPRESS LOGGING
  STORAGE(INITIAL 65536 NEXT 1048576 MINEXTENTS 1 MAXEXTENTS 2147483645
  PCTINCREASE 0 FREELISTS 1 FREELIST GROUPS 1 BUFFER_POOL DEFAULT FLASH_CACHE DEFAULT CELL_FLASH_CACHE DEFAULT)
  TABLESPACE "SYSTEM" ;
--------------------------------------------------------
--  DDL for Table OVER_NIGHT_TIME_MGT
--------------------------------------------------------

  CREATE TABLE "TEST4"."OVER_NIGHT_TIME_MGT" 
   (	"EMP_CODE" VARCHAR2(14 BYTE), 
	"BASIC_DAY" VARCHAR2(10 BYTE), 
	"EMP_NAME" VARCHAR2(26 BYTE), 
	"APPROVAL_STATUS" VARCHAR2(26 BYTE), 
	"REQUEST_STATUS" VARCHAR2(26 BYTE), 
	"TYPE" VARCHAR2(26 BYTE), 
	"OVER_NIGHT_SEQ" VARCHAR2(4 BYTE), 
	"REQUEST_DATE" VARCHAR2(20 BYTE), 
	"FROM_TIME" VARCHAR2(20 BYTE), 
	"TO_TIME" VARCHAR2(20 BYTE)
   ) SEGMENT CREATION IMMEDIATE 
  PCTFREE 10 PCTUSED 40 INITRANS 1 MAXTRANS 255 NOCOMPRESS LOGGING
  STORAGE(INITIAL 65536 NEXT 1048576 MINEXTENTS 1 MAXEXTENTS 2147483645
  PCTINCREASE 0 FREELISTS 1 FREELIST GROUPS 1 BUFFER_POOL DEFAULT FLASH_CACHE DEFAULT CELL_FLASH_CACHE DEFAULT)
  TABLESPACE "SYSTEM" ;
--------------------------------------------------------
--  DDL for Table PAY_DEDUCTION
--------------------------------------------------------

  CREATE TABLE "TEST4"."PAY_DEDUCTION" 
   (	"PAY_DEDUCTION_SEQ" VARCHAR2(4 BYTE), 
	"EMP_CODE" VARCHAR2(14 BYTE), 
	"PAYMENT_DATE" VARCHAR2(10 BYTE), 
	"PRICE" VARCHAR2(30 BYTE), 
	"PAY_DEDUCTION_ITEM_CODE" VARCHAR2(26 BYTE), 
	"PAY_DEDUCTION_ITEM_NAME" VARCHAR2(26 BYTE)
   ) SEGMENT CREATION IMMEDIATE 
  PCTFREE 10 PCTUSED 40 INITRANS 1 MAXTRANS 255 NOCOMPRESS LOGGING
  STORAGE(INITIAL 65536 NEXT 1048576 MINEXTENTS 1 MAXEXTENTS 2147483645
  PCTINCREASE 0 FREELISTS 1 FREELIST GROUPS 1 BUFFER_POOL DEFAULT FLASH_CACHE DEFAULT CELL_FLASH_CACHE DEFAULT)
  TABLESPACE "SYSTEM" ;
--------------------------------------------------------
--  DDL for Table PAY_DEDUCTION_MGT
--------------------------------------------------------

  CREATE TABLE "TEST4"."PAY_DEDUCTION_MGT" 
   (	"PAY_DEDUCTION_ITEM_SEQ" VARCHAR2(4 BYTE), 
	"PAY_TYPE_CODE" VARCHAR2(26 BYTE), 
	"PAY_DEDUCTION_TYPE_CODE" VARCHAR2(26 BYTE), 
	"INPUTED_YEAR" VARCHAR2(6 BYTE), 
	"PAY_DEDUCTION_ITEM_CODE" VARCHAR2(26 BYTE), 
	"PAY_DEDUCTION_ITEM_NAME" VARCHAR2(26 BYTE), 
	"TAX_TYPE_CODE" VARCHAR2(26 BYTE), 
	"SUSUB_APPLY" VARCHAR2(26 BYTE), 
	"MONTH_SAL" VARCHAR2(26 BYTE), 
	"PRICE" VARCHAR2(60 BYTE), 
	"IN_OUT_APPLY" VARCHAR2(26 BYTE)
   ) SEGMENT CREATION IMMEDIATE 
  PCTFREE 10 PCTUSED 40 INITRANS 1 MAXTRANS 255 NOCOMPRESS LOGGING
  STORAGE(INITIAL 65536 NEXT 1048576 MINEXTENTS 1 MAXEXTENTS 2147483645
  PCTINCREASE 0 FREELISTS 1 FREELIST GROUPS 1 BUFFER_POOL DEFAULT FLASH_CACHE DEFAULT CELL_FLASH_CACHE DEFAULT)
  TABLESPACE "SYSTEM" ;
--------------------------------------------------------
--  DDL for Table POSITION
--------------------------------------------------------

  CREATE TABLE "TEST4"."POSITION" 
   (	"POSITION_CODE" VARCHAR2(26 BYTE), 
	"POSITION_NAME" VARCHAR2(26 BYTE)
   ) SEGMENT CREATION IMMEDIATE 
  PCTFREE 10 PCTUSED 40 INITRANS 1 MAXTRANS 255 NOCOMPRESS LOGGING
  STORAGE(INITIAL 65536 NEXT 1048576 MINEXTENTS 1 MAXEXTENTS 2147483645
  PCTINCREASE 0 FREELISTS 1 FREELIST GROUPS 1 BUFFER_POOL DEFAULT FLASH_CACHE DEFAULT CELL_FLASH_CACHE DEFAULT)
  TABLESPACE "SYSTEM" ;
--------------------------------------------------------
--  DDL for Table SAL_INFO
--------------------------------------------------------

  CREATE TABLE "TEST4"."SAL_INFO" 
   (	"EMP_CODE" VARCHAR2(100 BYTE), 
	"HOBONG" VARCHAR2(100 BYTE), 
	"SALARY_TYPE_CODE" VARCHAR2(26 BYTE), 
	"PENSION_TYPE" VARCHAR2(26 BYTE), 
	"NATIONAL_PENSION" VARCHAR2(10 BYTE), 
	"HEALTH_INSURANCE" VARCHAR2(10 BYTE), 
	"EMPLOYEEMENT_INSURANCE" VARCHAR2(10 BYTE), 
	"LONG_TERM_CARE_INSURANCE" VARCHAR2(8 BYTE), 
	"SUPPORT_TWENTY_BELOW" VARCHAR2(26 BYTE), 
	"MANY_CHILD_DEDUCTION" VARCHAR2(26 BYTE), 
	"ACCOUNT_CODE" VARCHAR2(26 BYTE), 
	"ACCOUNT_HOLDER" VARCHAR2(26 BYTE), 
	"SAL_TRANS_BANK" VARCHAR2(26 BYTE), 
	"SUPPORT_SIXTY_ABOVE" VARCHAR2(26 BYTE)
   ) SEGMENT CREATION IMMEDIATE 
  PCTFREE 10 PCTUSED 40 INITRANS 1 MAXTRANS 255 NOCOMPRESS LOGGING
  STORAGE(INITIAL 65536 NEXT 1048576 MINEXTENTS 1 MAXEXTENTS 2147483645
  PCTINCREASE 0 FREELISTS 1 FREELIST GROUPS 1 BUFFER_POOL DEFAULT FLASH_CACHE DEFAULT CELL_FLASH_CACHE DEFAULT)
  TABLESPACE "SYSTEM" ;
--------------------------------------------------------
--  DDL for Table SAL_INPUT
--------------------------------------------------------

  CREATE TABLE "TEST4"."SAL_INPUT" 
   (	"PAYMENT_DATE" VARCHAR2(100 BYTE), 
	"EMP_CODE" VARCHAR2(100 BYTE), 
	"SALARY_TYPE_CODE" VARCHAR2(100 BYTE), 
	"TOTAL_SALARY" VARCHAR2(100 BYTE), 
	"TOTAL_DEDUCTION_PRICE" VARCHAR2(100 BYTE), 
	"DEPT_CODE" VARCHAR2(100 BYTE), 
	"POSITION_CODE" VARCHAR2(100 BYTE), 
	"HIRE_DATE" VARCHAR2(100 BYTE), 
	"RETIRE_DATE" VARCHAR2(100 BYTE), 
	"CHINE_PAYMENTS" VARCHAR2(100 BYTE)
   ) SEGMENT CREATION IMMEDIATE 
  PCTFREE 10 PCTUSED 40 INITRANS 1 MAXTRANS 255 NOCOMPRESS LOGGING
  STORAGE(INITIAL 65536 NEXT 1048576 MINEXTENTS 1 MAXEXTENTS 2147483645
  PCTINCREASE 0 FREELISTS 1 FREELIST GROUPS 1 BUFFER_POOL DEFAULT FLASH_CACHE DEFAULT CELL_FLASH_CACHE DEFAULT)
  TABLESPACE "SYSTEM" ;
--------------------------------------------------------
--  DDL for Table SAL_PAYMENT_DATE
--------------------------------------------------------

  CREATE TABLE "TEST4"."SAL_PAYMENT_DATE" 
   (	"PAYMENT_DATE" VARCHAR2(10 BYTE), 
	"INPUTED_YEAR_MONTH" VARCHAR2(8 BYTE), 
	"TARGET_CHOICE" VARCHAR2(26 BYTE), 
	"SAME_TIME_SELECTION" VARCHAR2(26 BYTE), 
	"PAY_TYPE" VARCHAR2(26 BYTE), 
	"SALARY_TYPE_CODE" VARCHAR2(26 BYTE), 
	"NOTE" VARCHAR2(26 BYTE), 
	"JIKJONG_CODE" VARCHAR2(26 BYTE)
   ) SEGMENT CREATION IMMEDIATE 
  PCTFREE 10 PCTUSED 40 INITRANS 1 MAXTRANS 255 NOCOMPRESS LOGGING
  STORAGE(INITIAL 65536 NEXT 1048576 MINEXTENTS 1 MAXEXTENTS 2147483645
  PCTINCREASE 0 FREELISTS 1 FREELIST GROUPS 1 BUFFER_POOL DEFAULT FLASH_CACHE DEFAULT CELL_FLASH_CACHE DEFAULT)
  TABLESPACE "SYSTEM" ;
--------------------------------------------------------
--  DDL for Table WORK_INFO
--------------------------------------------------------

  CREATE TABLE "TEST4"."WORK_INFO" 
   (	"EMP_CODE" VARCHAR2(14 BYTE), 
	"HIRE_DATE" VARCHAR2(10 BYTE), 
	"RETIRE_DATE" VARCHAR2(26 BYTE), 
	"EMPLOYEEMENT_TYPE_CODE" VARCHAR2(26 BYTE), 
	"RETIRE_CAUSE" VARCHAR2(26 BYTE), 
	"PROBATION_STATUS" VARCHAR2(26 BYTE), 
	"PROBATION_EXPIRE_DATE" VARCHAR2(26 BYTE), 
	"PROJECT_CODE" VARCHAR2(26 BYTE), 
	"JIKJONG_CODE" VARCHAR2(26 BYTE), 
	"EMP_NAME" VARCHAR2(26 BYTE)
   ) SEGMENT CREATION IMMEDIATE 
  PCTFREE 10 PCTUSED 40 INITRANS 1 MAXTRANS 255 NOCOMPRESS LOGGING
  STORAGE(INITIAL 65536 NEXT 1048576 MINEXTENTS 1 MAXEXTENTS 2147483645
  PCTINCREASE 0 FREELISTS 1 FREELIST GROUPS 1 BUFFER_POOL DEFAULT FLASH_CACHE DEFAULT CELL_FLASH_CACHE DEFAULT)
  TABLESPACE "SYSTEM" ;
REM INSERTING into TEST4.ANNUAL_MGT
SET DEFINE OFF;
Insert into TEST4.ANNUAL_MGT (STANDARD_YEAR,EMP_CODE,USED_DAYS,REST_DAYS,USABLE_DAYS,LENGTH_OF_SERVICE) values ('2018','1004','8','7','15','1');
Insert into TEST4.ANNUAL_MGT (STANDARD_YEAR,EMP_CODE,USED_DAYS,REST_DAYS,USABLE_DAYS,LENGTH_OF_SERVICE) values ('2018','1002','4','11','15','1');
Insert into TEST4.ANNUAL_MGT (STANDARD_YEAR,EMP_CODE,USED_DAYS,REST_DAYS,USABLE_DAYS,LENGTH_OF_SERVICE) values ('2018','1001','3','12','15','1');
Insert into TEST4.ANNUAL_MGT (STANDARD_YEAR,EMP_CODE,USED_DAYS,REST_DAYS,USABLE_DAYS,LENGTH_OF_SERVICE) values ('2018','1003','4','11','15','1');
Insert into TEST4.ANNUAL_MGT (STANDARD_YEAR,EMP_CODE,USED_DAYS,REST_DAYS,USABLE_DAYS,LENGTH_OF_SERVICE) values ('2019','1003','0','16','16','2');
Insert into TEST4.ANNUAL_MGT (STANDARD_YEAR,EMP_CODE,USED_DAYS,REST_DAYS,USABLE_DAYS,LENGTH_OF_SERVICE) values ('2019','1004','0','16','16','2');
Insert into TEST4.ANNUAL_MGT (STANDARD_YEAR,EMP_CODE,USED_DAYS,REST_DAYS,USABLE_DAYS,LENGTH_OF_SERVICE) values ('2018','1005','0','0','0','0');
Insert into TEST4.ANNUAL_MGT (STANDARD_YEAR,EMP_CODE,USED_DAYS,REST_DAYS,USABLE_DAYS,LENGTH_OF_SERVICE) values ('2019','1001','2','14','16','2');
Insert into TEST4.ANNUAL_MGT (STANDARD_YEAR,EMP_CODE,USED_DAYS,REST_DAYS,USABLE_DAYS,LENGTH_OF_SERVICE) values ('2019','1002','0','16','16','2');
Insert into TEST4.ANNUAL_MGT (STANDARD_YEAR,EMP_CODE,USED_DAYS,REST_DAYS,USABLE_DAYS,LENGTH_OF_SERVICE) values ('2019','1005','0','15','15','1');
Insert into TEST4.ANNUAL_MGT (STANDARD_YEAR,EMP_CODE,USED_DAYS,REST_DAYS,USABLE_DAYS,LENGTH_OF_SERVICE) values ('2020','1003','0','17','17','3');
Insert into TEST4.ANNUAL_MGT (STANDARD_YEAR,EMP_CODE,USED_DAYS,REST_DAYS,USABLE_DAYS,LENGTH_OF_SERVICE) values ('2020','1001','0','17','17','3');
Insert into TEST4.ANNUAL_MGT (STANDARD_YEAR,EMP_CODE,USED_DAYS,REST_DAYS,USABLE_DAYS,LENGTH_OF_SERVICE) values ('2021','1001','0','18','18','4');
Insert into TEST4.ANNUAL_MGT (STANDARD_YEAR,EMP_CODE,USED_DAYS,REST_DAYS,USABLE_DAYS,LENGTH_OF_SERVICE) values ('2020','1004','0','17','17','3');
REM INSERTING into TEST4.ATTD_REST_MGT
SET DEFINE OFF;
REM INSERTING into TEST4.AUTHORITY
SET DEFINE OFF;
Insert into TEST4.AUTHORITY (AUTHORITY_CODE,AUTHORITY_NAME) values ('SYSTEM','시스템관리자');
Insert into TEST4.AUTHORITY (AUTHORITY_CODE,AUTHORITY_NAME) values ('HR','인사담당자');
Insert into TEST4.AUTHORITY (AUTHORITY_CODE,AUTHORITY_NAME) values ('ACCOUNT','회계담당자');
Insert into TEST4.AUTHORITY (AUTHORITY_CODE,AUTHORITY_NAME) values ('GENERAL','일반사용자');
REM INSERTING into TEST4.BASE_WORK_TIME
SET DEFINE OFF;
Insert into TEST4.BASE_WORK_TIME (APPLY_YEAR,ATTEND_TIME,QUIT_TIME,OVER_TIME,NIGHT_TIME,LUNCH_START_TIME,LUNCH_END_TIME,DINNER_START_TIME,DINNER_END_TIME) values ('2018','0900','1800','1900','2200','1200','1300','1800','1900');
Insert into TEST4.BASE_WORK_TIME (APPLY_YEAR,ATTEND_TIME,QUIT_TIME,OVER_TIME,NIGHT_TIME,LUNCH_START_TIME,LUNCH_END_TIME,DINNER_START_TIME,DINNER_END_TIME) values ('2019','0900','1800','1900','2200','1200','1300','1800','1900');
REM INSERTING into TEST4.BUSINESS_PLACE
SET DEFINE OFF;
Insert into TEST4.BUSINESS_PLACE (BUSINESS_PLACE_CODE,BUSINESS_PLACE_NAME,BUSINESS_PLACE_TEL,COMPANY_CODE) values ('BRC-01','SY Company','747-7777','COM-01');
Insert into TEST4.BUSINESS_PLACE (BUSINESS_PLACE_CODE,BUSINESS_PLACE_NAME,BUSINESS_PLACE_TEL,COMPANY_CODE) values ('BRC-02','SY 생산','747-7778','COM-01');
REM INSERTING into TEST4.CODE
SET DEFINE OFF;
Insert into TEST4.CODE (CODE,CODE_NAME,USING_STATUS) values ('CO-01','장애여부','Y');
Insert into TEST4.CODE (CODE,CODE_NAME,USING_STATUS) values ('CO-02','프로젝트','Y');
Insert into TEST4.CODE (CODE,CODE_NAME,USING_STATUS) values ('CO-03','고용형태','Y');
Insert into TEST4.CODE (CODE,CODE_NAME,USING_STATUS) values ('CO-04','급여형태','Y');
Insert into TEST4.CODE (CODE,CODE_NAME,USING_STATUS) values ('CO-05','퇴직사유','Y');
Insert into TEST4.CODE (CODE,CODE_NAME,USING_STATUS) values ('CO-06','최종학력','Y');
Insert into TEST4.CODE (CODE,CODE_NAME,USING_STATUS) values ('CO-07','자격증','Y');
Insert into TEST4.CODE (CODE,CODE_NAME,USING_STATUS) values ('CO-08','내국인여부','Y');
Insert into TEST4.CODE (CODE,CODE_NAME,USING_STATUS) values ('CO-09','직종','Y');
Insert into TEST4.CODE (CODE,CODE_NAME,USING_STATUS) values ('CO-10','연금유형','Y');
Insert into TEST4.CODE (CODE,CODE_NAME,USING_STATUS) values ('CO-11','은행','Y');
Insert into TEST4.CODE (CODE,CODE_NAME,USING_STATUS) values ('CO-12','관계','Y');
Insert into TEST4.CODE (CODE,CODE_NAME,USING_STATUS) values ('CO-13','발행처','Y');
Insert into TEST4.CODE (CODE,CODE_NAME,USING_STATUS) values ('CO-14','대학교명','Y');
Insert into TEST4.CODE (CODE,CODE_NAME,USING_STATUS) values ('CO-15','휴일근태타입','Y');
Insert into TEST4.CODE (CODE,CODE_NAME,USING_STATUS) values ('CO-16','근태구분','Y');
Insert into TEST4.CODE (CODE,CODE_NAME,USING_STATUS) values ('CO-17','근태외구분','Y');
Insert into TEST4.CODE (CODE,CODE_NAME,USING_STATUS) values ('CO-18','출퇴근타입','Y');
Insert into TEST4.CODE (CODE,CODE_NAME,USING_STATUS) values ('CO-19','급여구분','Y');
Insert into TEST4.CODE (CODE,CODE_NAME,USING_STATUS) values ('CO-20','지급공제구분','Y');
Insert into TEST4.CODE (CODE,CODE_NAME,USING_STATUS) values ('CO-21','과세구분','Y');
Insert into TEST4.CODE (CODE,CODE_NAME,USING_STATUS) values ('CO-22','지급공제적용구분','Y');
Insert into TEST4.CODE (CODE,CODE_NAME,USING_STATUS) values ('CO-23','월정급여구분','Y');
Insert into TEST4.CODE (CODE,CODE_NAME,USING_STATUS) values ('CO-24','동시발행구분','Y');
Insert into TEST4.CODE (CODE,CODE_NAME,USING_STATUS) values ('CO-25','연차구분','Y');
Insert into TEST4.CODE (CODE,CODE_NAME,USING_STATUS) values ('CO-26','회사','N');
Insert into TEST4.CODE (CODE,CODE_NAME,USING_STATUS) values ('CO-27','부서','N');
REM INSERTING into TEST4.COMPANY
SET DEFINE OFF;
Insert into TEST4.COMPANY (COMPANY_CODE,COMPANY_NAME,COMPANY_DIVISION,BUSINESS_LICENSE_NUMBER,CORPORATION_LICENSE_NUMBER,COMPANY_CEO_NAME,COMPANY_BUSINESS_CONDITIONS,COMPANY_BUSINESS_ITEMS,COMPANY_ZIP_CODE,COMPANY_BASIC_ADDRESS,COMPANY_DETAIL_ADDRESS,COMPANY_TEL_NUMBER,COMPANY_FAX_NUMBER,COMPANY_ESTABLISHMENT_DATE,COMPANY_OPEN_DATE) values ('COM-01','SY Company','법인','1208125847','1101110921513','강순용','제작,유통','음반','52822','경상남도 진주시 가좌길74번길 8 (가좌동, 혜람빌딩)','5층 서울IT교육센터','02-567-1094',null,'2002-03-01','2002-03-01');
REM INSERTING into TEST4.DAY_ANNUAL
SET DEFINE OFF;
Insert into TEST4.DAY_ANNUAL (DAY_ANNUAL_SEQ,EMP_CODE,START_DATE,END_DATE,CAUSE_CODE,DETAIL_CAUSE,STANDARD_YEAR,ANNUAL_CODE,DAYS,APPROVAL_STATUS,EMP_NAME) values (null,'1001','20190101','20190103','놀러감','1','2019','AQC013','3','Y',null);
REM INSERTING into TEST4.DAY_ATTD
SET DEFINE OFF;
Insert into TEST4.DAY_ATTD (DAY_ATTD_SEQ,EMP_CODE,BASIC_DAY,ATTD_TYPE_CODE,TIME,APPROVAL_STATUS,COST,CAUSE,EMP_NAME) values ('705','1001','20190124','ADC001','1000','Y','0','cause','강순용');
Insert into TEST4.DAY_ATTD (DAY_ATTD_SEQ,EMP_CODE,BASIC_DAY,ATTD_TYPE_CODE,TIME,APPROVAL_STATUS,COST,CAUSE,EMP_NAME) values ('706','1001','20190124','ADC002','1800','Y','0','cause','강순용');
REM INSERTING into TEST4.DAY_ATTD_MGT
SET DEFINE OFF;
Insert into TEST4.DAY_ATTD_MGT (BASIC_DAY,EMP_CODE,DAILY,ATTEND_TIME,ATTEND_TYPE_CODE,QUIT_TIME,QUIT_TYPE_CODE,LEAVE_TIME,RETURN_TIME,LEAVE_HOUR,WORK_HOUR,LATE_HOUR,OVER_WORK_HOUR,NIGHT_WORK_HOUR,CLOSE_YN,ATTD_DAY_TYPE,EARLY_LEAVE_TIME,EMP_NAME) values ('20190124','1001','목요일','1000','AQC003','1800','AQC005',null,null,'0','7','1','0','0','Y','AQC010',null,null);
Insert into TEST4.DAY_ATTD_MGT (BASIC_DAY,EMP_CODE,DAILY,ATTEND_TIME,ATTEND_TYPE_CODE,QUIT_TIME,QUIT_TYPE_CODE,LEAVE_TIME,RETURN_TIME,LEAVE_HOUR,WORK_HOUR,LATE_HOUR,OVER_WORK_HOUR,NIGHT_WORK_HOUR,CLOSE_YN,ATTD_DAY_TYPE,EARLY_LEAVE_TIME,EMP_NAME) values ('20190124','1002','목요일',null,'AQC007',null,'AQC007',null,null,'0','0','0','0','0','Y','AQC010',null,null);
Insert into TEST4.DAY_ATTD_MGT (BASIC_DAY,EMP_CODE,DAILY,ATTEND_TIME,ATTEND_TYPE_CODE,QUIT_TIME,QUIT_TYPE_CODE,LEAVE_TIME,RETURN_TIME,LEAVE_HOUR,WORK_HOUR,LATE_HOUR,OVER_WORK_HOUR,NIGHT_WORK_HOUR,CLOSE_YN,ATTD_DAY_TYPE,EARLY_LEAVE_TIME,EMP_NAME) values ('20190124','1003','목요일',null,'AQC007',null,'AQC007',null,null,'0','0','0','0','0','Y','AQC010',null,null);
Insert into TEST4.DAY_ATTD_MGT (BASIC_DAY,EMP_CODE,DAILY,ATTEND_TIME,ATTEND_TYPE_CODE,QUIT_TIME,QUIT_TYPE_CODE,LEAVE_TIME,RETURN_TIME,LEAVE_HOUR,WORK_HOUR,LATE_HOUR,OVER_WORK_HOUR,NIGHT_WORK_HOUR,CLOSE_YN,ATTD_DAY_TYPE,EARLY_LEAVE_TIME,EMP_NAME) values ('20190124','1004','목요일',null,'AQC007',null,'AQC007',null,null,'0','0','0','0','0','Y','AQC010',null,null);
Insert into TEST4.DAY_ATTD_MGT (BASIC_DAY,EMP_CODE,DAILY,ATTEND_TIME,ATTEND_TYPE_CODE,QUIT_TIME,QUIT_TYPE_CODE,LEAVE_TIME,RETURN_TIME,LEAVE_HOUR,WORK_HOUR,LATE_HOUR,OVER_WORK_HOUR,NIGHT_WORK_HOUR,CLOSE_YN,ATTD_DAY_TYPE,EARLY_LEAVE_TIME,EMP_NAME) values ('20190124','1005','목요일',null,'AQC007',null,'AQC007',null,null,'0','0','0','0','0','Y','AQC010',null,null);
REM INSERTING into TEST4.DEDUCTIONS_TAX_MGT
SET DEFINE OFF;
Insert into TEST4.DEDUCTIONS_TAX_MGT (INPUTED_YEAR,HEALTH_INSUR_RATE,NATIONAL_PEN_RATE,LONG_TERM_CARE_RATE,EMPLOYEEMENT_INSUR_RATE) values ('2018','3.12','4.5','3.69','0.65');
Insert into TEST4.DEDUCTIONS_TAX_MGT (INPUTED_YEAR,HEALTH_INSUR_RATE,NATIONAL_PEN_RATE,LONG_TERM_CARE_RATE,EMPLOYEEMENT_INSUR_RATE) values ('2019','3.12','4.5','3.69','0.65');
REM INSERTING into TEST4.DEPARTMENT
SET DEFINE OFF;
Insert into TEST4.DEPARTMENT (DEPT_CODE,DEPT_NAME,DEPT_TEL,BUSINESS_PLACE_CODE) values ('DEP000','경영진','777-0000','BRC-01');
Insert into TEST4.DEPARTMENT (DEPT_CODE,DEPT_NAME,DEPT_TEL,BUSINESS_PLACE_CODE) values ('DEP001','회계부','777-0001','BRC-01');
Insert into TEST4.DEPARTMENT (DEPT_CODE,DEPT_NAME,DEPT_TEL,BUSINESS_PLACE_CODE) values ('DEP002','경영지원부','777-0002','BRC-01');
Insert into TEST4.DEPARTMENT (DEPT_CODE,DEPT_NAME,DEPT_TEL,BUSINESS_PLACE_CODE) values ('DEP003','영업부','777-0003','BRC-01');
Insert into TEST4.DEPARTMENT (DEPT_CODE,DEPT_NAME,DEPT_TEL,BUSINESS_PLACE_CODE) values ('DEP004','기술부','777-0004','BRC-01');
Insert into TEST4.DEPARTMENT (DEPT_CODE,DEPT_NAME,DEPT_TEL,BUSINESS_PLACE_CODE) values ('DEP005','생산부','777-0005','BRC-01');
Insert into TEST4.DEPARTMENT (DEPT_CODE,DEPT_NAME,DEPT_TEL,BUSINESS_PLACE_CODE) values ('DEP006','구매부','777-0006','BRC-01');
Insert into TEST4.DEPARTMENT (DEPT_CODE,DEPT_NAME,DEPT_TEL,BUSINESS_PLACE_CODE) values ('DEP007','인사부','777-0007','BRC-01');
Insert into TEST4.DEPARTMENT (DEPT_CODE,DEPT_NAME,DEPT_TEL,BUSINESS_PLACE_CODE) values ('DEP008','홍보부','777-0008','BRC-01');
Insert into TEST4.DEPARTMENT (DEPT_CODE,DEPT_NAME,DEPT_TEL,BUSINESS_PLACE_CODE) values ('DEP009','유통부','777-0009','BRC-01');
Insert into TEST4.DEPARTMENT (DEPT_CODE,DEPT_NAME,DEPT_TEL,BUSINESS_PLACE_CODE) values ('DEP010','물류부','777-0010','BRC-01');
Insert into TEST4.DEPARTMENT (DEPT_CODE,DEPT_NAME,DEPT_TEL,BUSINESS_PLACE_CODE) values ('DEP011','연구실','777-0011','BRC-01');
Insert into TEST4.DEPARTMENT (DEPT_CODE,DEPT_NAME,DEPT_TEL,BUSINESS_PLACE_CODE) values ('DEP012','인재개발부','777-0012','BRC-01');
Insert into TEST4.DEPARTMENT (DEPT_CODE,DEPT_NAME,DEPT_TEL,BUSINESS_PLACE_CODE) values ('DEP013','경영개선부','777-0013','BRC-01');
Insert into TEST4.DEPARTMENT (DEPT_CODE,DEPT_NAME,DEPT_TEL,BUSINESS_PLACE_CODE) values ('DEP014','총무부','777-0014','BRC-01');
Insert into TEST4.DEPARTMENT (DEPT_CODE,DEPT_NAME,DEPT_TEL,BUSINESS_PLACE_CODE) values ('DEP015','경리부','777-0015','BRC-01');
Insert into TEST4.DEPARTMENT (DEPT_CODE,DEPT_NAME,DEPT_TEL,BUSINESS_PLACE_CODE) values ('DEP016','법무부','777-0016','BRC-01');
Insert into TEST4.DEPARTMENT (DEPT_CODE,DEPT_NAME,DEPT_TEL,BUSINESS_PLACE_CODE) values ('DEP017','기획부','777-0017','BRC-01');
Insert into TEST4.DEPARTMENT (DEPT_CODE,DEPT_NAME,DEPT_TEL,BUSINESS_PLACE_CODE) values ('DEP018','총괄관리부','777-7777','BRC-01');
Insert into TEST4.DEPARTMENT (DEPT_CODE,DEPT_NAME,DEPT_TEL,BUSINESS_PLACE_CODE) values ('DEP019','회계부','758-0000','BRC-02');
REM INSERTING into TEST4.DETAIL_CODE
SET DEFINE OFF;
Insert into TEST4.DETAIL_CODE (CODE,DETAIL_CODE,DETAIL_CODE_NAME,USING_STATUS) values ('CO-01','DIC001','해당없음','Y');
Insert into TEST4.DETAIL_CODE (CODE,DETAIL_CODE,DETAIL_CODE_NAME,USING_STATUS) values ('CO-01','DIC002','지체장애','Y');
Insert into TEST4.DETAIL_CODE (CODE,DETAIL_CODE,DETAIL_CODE_NAME,USING_STATUS) values ('CO-01','DIC003','시각장애','Y');
Insert into TEST4.DETAIL_CODE (CODE,DETAIL_CODE,DETAIL_CODE_NAME,USING_STATUS) values ('CO-01','DIC004','청각장애','Y');
Insert into TEST4.DETAIL_CODE (CODE,DETAIL_CODE,DETAIL_CODE_NAME,USING_STATUS) values ('CO-01','DIC005','호흡기장애','Y');
Insert into TEST4.DETAIL_CODE (CODE,DETAIL_CODE,DETAIL_CODE_NAME,USING_STATUS) values ('CO-01','DIC006','지적장애','Y');
Insert into TEST4.DETAIL_CODE (CODE,DETAIL_CODE,DETAIL_CODE_NAME,USING_STATUS) values ('CO-01','DIC007','정신장애','Y');
Insert into TEST4.DETAIL_CODE (CODE,DETAIL_CODE,DETAIL_CODE_NAME,USING_STATUS) values ('CO-01','DIC008','국가유공자','Y');
Insert into TEST4.DETAIL_CODE (CODE,DETAIL_CODE,DETAIL_CODE_NAME,USING_STATUS) values ('CO-02','PJC001','ERP프로젝트','Y');
Insert into TEST4.DETAIL_CODE (CODE,DETAIL_CODE,DETAIL_CODE_NAME,USING_STATUS) values ('CO-02','PJC002','금융기관프로젝트','Y');
Insert into TEST4.DETAIL_CODE (CODE,DETAIL_CODE,DETAIL_CODE_NAME,USING_STATUS) values ('CO-02','PJC003','보험사프로젝트','Y');
Insert into TEST4.DETAIL_CODE (CODE,DETAIL_CODE,DETAIL_CODE_NAME,USING_STATUS) values ('CO-02','PJC004','공공기관프로젝트','Y');
Insert into TEST4.DETAIL_CODE (CODE,DETAIL_CODE,DETAIL_CODE_NAME,USING_STATUS) values ('CO-02','PJC005','웹포털프로젝트','Y');
Insert into TEST4.DETAIL_CODE (CODE,DETAIL_CODE,DETAIL_CODE_NAME,USING_STATUS) values ('CO-02','PJC006','어플리케이션프로젝트','Y');
Insert into TEST4.DETAIL_CODE (CODE,DETAIL_CODE,DETAIL_CODE_NAME,USING_STATUS) values ('CO-02','PJC007','솔루션프로젝트','Y');
Insert into TEST4.DETAIL_CODE (CODE,DETAIL_CODE,DETAIL_CODE_NAME,USING_STATUS) values ('CO-02','PJC008','기타','Y');
Insert into TEST4.DETAIL_CODE (CODE,DETAIL_CODE,DETAIL_CODE_NAME,USING_STATUS) values ('CO-03','EMT001','정규직','Y');
Insert into TEST4.DETAIL_CODE (CODE,DETAIL_CODE,DETAIL_CODE_NAME,USING_STATUS) values ('CO-03','EMT002','계약직','Y');
Insert into TEST4.DETAIL_CODE (CODE,DETAIL_CODE,DETAIL_CODE_NAME,USING_STATUS) values ('CO-03','EMT003','프리랜서','Y');
Insert into TEST4.DETAIL_CODE (CODE,DETAIL_CODE,DETAIL_CODE_NAME,USING_STATUS) values ('CO-03','EMT004','일용직','Y');
Insert into TEST4.DETAIL_CODE (CODE,DETAIL_CODE,DETAIL_CODE_NAME,USING_STATUS) values ('CO-03','EMT005','파견직','Y');
Insert into TEST4.DETAIL_CODE (CODE,DETAIL_CODE,DETAIL_CODE_NAME,USING_STATUS) values ('CO-03','EMT006','재택근로자','Y');
Insert into TEST4.DETAIL_CODE (CODE,DETAIL_CODE,DETAIL_CODE_NAME,USING_STATUS) values ('CO-03','EMT007','시간제근로자','Y');
Insert into TEST4.DETAIL_CODE (CODE,DETAIL_CODE,DETAIL_CODE_NAME,USING_STATUS) values ('CO-04','PAC001','연봉','Y');
Insert into TEST4.DETAIL_CODE (CODE,DETAIL_CODE,DETAIL_CODE_NAME,USING_STATUS) values ('CO-04','PAC002','월급','Y');
Insert into TEST4.DETAIL_CODE (CODE,DETAIL_CODE,DETAIL_CODE_NAME,USING_STATUS) values ('CO-04','PAC003','주급','Y');
Insert into TEST4.DETAIL_CODE (CODE,DETAIL_CODE,DETAIL_CODE_NAME,USING_STATUS) values ('CO-04','PAC004','일급','Y');
Insert into TEST4.DETAIL_CODE (CODE,DETAIL_CODE,DETAIL_CODE_NAME,USING_STATUS) values ('CO-04','PAC005','시급','Y');
Insert into TEST4.DETAIL_CODE (CODE,DETAIL_CODE,DETAIL_CODE_NAME,USING_STATUS) values ('CO-12','RLC007','주인님','Y');
Insert into TEST4.DETAIL_CODE (CODE,DETAIL_CODE,DETAIL_CODE_NAME,USING_STATUS) values ('CO-05','RET001','해당없음','Y');
Insert into TEST4.DETAIL_CODE (CODE,DETAIL_CODE,DETAIL_CODE_NAME,USING_STATUS) values ('CO-05','RET002','육아','Y');
Insert into TEST4.DETAIL_CODE (CODE,DETAIL_CODE,DETAIL_CODE_NAME,USING_STATUS) values ('CO-05','RET003','이직','Y');
Insert into TEST4.DETAIL_CODE (CODE,DETAIL_CODE,DETAIL_CODE_NAME,USING_STATUS) values ('CO-05','RET004','건강악화','Y');
Insert into TEST4.DETAIL_CODE (CODE,DETAIL_CODE,DETAIL_CODE_NAME,USING_STATUS) values ('CO-05','RET005','이민','Y');
Insert into TEST4.DETAIL_CODE (CODE,DETAIL_CODE,DETAIL_CODE_NAME,USING_STATUS) values ('CO-05','RET006','명예퇴직','Y');
Insert into TEST4.DETAIL_CODE (CODE,DETAIL_CODE,DETAIL_CODE_NAME,USING_STATUS) values ('CO-06','EDC001','초졸','Y');
Insert into TEST4.DETAIL_CODE (CODE,DETAIL_CODE,DETAIL_CODE_NAME,USING_STATUS) values ('CO-06','EDC002','중졸','Y');
Insert into TEST4.DETAIL_CODE (CODE,DETAIL_CODE,DETAIL_CODE_NAME,USING_STATUS) values ('CO-06','EDC003','고졸','Y');
Insert into TEST4.DETAIL_CODE (CODE,DETAIL_CODE,DETAIL_CODE_NAME,USING_STATUS) values ('CO-06','EDC004','초대졸','Y');
Insert into TEST4.DETAIL_CODE (CODE,DETAIL_CODE,DETAIL_CODE_NAME,USING_STATUS) values ('CO-06','EDC005','학사','Y');
Insert into TEST4.DETAIL_CODE (CODE,DETAIL_CODE,DETAIL_CODE_NAME,USING_STATUS) values ('CO-06','EDC006','석사','Y');
Insert into TEST4.DETAIL_CODE (CODE,DETAIL_CODE,DETAIL_CODE_NAME,USING_STATUS) values ('CO-06','EDC007','박사','Y');
Insert into TEST4.DETAIL_CODE (CODE,DETAIL_CODE,DETAIL_CODE_NAME,USING_STATUS) values ('CO-07','LIC001','전산관련','Y');
Insert into TEST4.DETAIL_CODE (CODE,DETAIL_CODE,DETAIL_CODE_NAME,USING_STATUS) values ('CO-07','LIC002','외국어관련','Y');
Insert into TEST4.DETAIL_CODE (CODE,DETAIL_CODE,DETAIL_CODE_NAME,USING_STATUS) values ('CO-07','LIC003','자동차관련','Y');
Insert into TEST4.DETAIL_CODE (CODE,DETAIL_CODE,DETAIL_CODE_NAME,USING_STATUS) values ('CO-07','LIC004','컴퓨터관련','Y');
Insert into TEST4.DETAIL_CODE (CODE,DETAIL_CODE,DETAIL_CODE_NAME,USING_STATUS) values ('CO-08','NAC001','내국인','Y');
Insert into TEST4.DETAIL_CODE (CODE,DETAIL_CODE,DETAIL_CODE_NAME,USING_STATUS) values ('CO-08','NAC002','외국인','Y');
Insert into TEST4.DETAIL_CODE (CODE,DETAIL_CODE,DETAIL_CODE_NAME,USING_STATUS) values ('CO-09','JJC001','사무직','Y');
Insert into TEST4.DETAIL_CODE (CODE,DETAIL_CODE,DETAIL_CODE_NAME,USING_STATUS) values ('CO-09','JJC002','생산직','Y');
Insert into TEST4.DETAIL_CODE (CODE,DETAIL_CODE,DETAIL_CODE_NAME,USING_STATUS) values ('CO-09','JJC003','일용직','Y');
Insert into TEST4.DETAIL_CODE (CODE,DETAIL_CODE,DETAIL_CODE_NAME,USING_STATUS) values ('CO-09','JJC004','계약직','Y');
Insert into TEST4.DETAIL_CODE (CODE,DETAIL_CODE,DETAIL_CODE_NAME,USING_STATUS) values ('CO-10','PEC001','국민연금','Y');
Insert into TEST4.DETAIL_CODE (CODE,DETAIL_CODE,DETAIL_CODE_NAME,USING_STATUS) values ('CO-10','PEC002','공무원연금','Y');
Insert into TEST4.DETAIL_CODE (CODE,DETAIL_CODE,DETAIL_CODE_NAME,USING_STATUS) values ('CO-10','PEC003','군인연금','Y');
Insert into TEST4.DETAIL_CODE (CODE,DETAIL_CODE,DETAIL_CODE_NAME,USING_STATUS) values ('CO-10','PEC004','사학연금','Y');
Insert into TEST4.DETAIL_CODE (CODE,DETAIL_CODE,DETAIL_CODE_NAME,USING_STATUS) values ('CO-11','BNK001','NH농협은행','Y');
Insert into TEST4.DETAIL_CODE (CODE,DETAIL_CODE,DETAIL_CODE_NAME,USING_STATUS) values ('CO-11','BNK002','신한은행','Y');
Insert into TEST4.DETAIL_CODE (CODE,DETAIL_CODE,DETAIL_CODE_NAME,USING_STATUS) values ('CO-11','BNK003','우리은행','Y');
Insert into TEST4.DETAIL_CODE (CODE,DETAIL_CODE,DETAIL_CODE_NAME,USING_STATUS) values ('CO-11','BNK004','하나은행','Y');
Insert into TEST4.DETAIL_CODE (CODE,DETAIL_CODE,DETAIL_CODE_NAME,USING_STATUS) values ('CO-11','BNK005','IBK기업은행','Y');
Insert into TEST4.DETAIL_CODE (CODE,DETAIL_CODE,DETAIL_CODE_NAME,USING_STATUS) values ('CO-11','BNK006','국민은행','Y');
Insert into TEST4.DETAIL_CODE (CODE,DETAIL_CODE,DETAIL_CODE_NAME,USING_STATUS) values ('CO-11','BNK007','외환은행','Y');
Insert into TEST4.DETAIL_CODE (CODE,DETAIL_CODE,DETAIL_CODE_NAME,USING_STATUS) values ('CO-11','BNK008','한국씨티은행','Y');
Insert into TEST4.DETAIL_CODE (CODE,DETAIL_CODE,DETAIL_CODE_NAME,USING_STATUS) values ('CO-11','BNK009','수협중앙회','Y');
Insert into TEST4.DETAIL_CODE (CODE,DETAIL_CODE,DETAIL_CODE_NAME,USING_STATUS) values ('CO-11','BNK010','대구은행','Y');
Insert into TEST4.DETAIL_CODE (CODE,DETAIL_CODE,DETAIL_CODE_NAME,USING_STATUS) values ('CO-11','BNK011','부산은행','Y');
Insert into TEST4.DETAIL_CODE (CODE,DETAIL_CODE,DETAIL_CODE_NAME,USING_STATUS) values ('CO-11','BNK012','광주은행','Y');
Insert into TEST4.DETAIL_CODE (CODE,DETAIL_CODE,DETAIL_CODE_NAME,USING_STATUS) values ('CO-11','BNK013','제주은행','Y');
Insert into TEST4.DETAIL_CODE (CODE,DETAIL_CODE,DETAIL_CODE_NAME,USING_STATUS) values ('CO-11','BNK014','전북은행','Y');
Insert into TEST4.DETAIL_CODE (CODE,DETAIL_CODE,DETAIL_CODE_NAME,USING_STATUS) values ('CO-11','BNK015','경남은행','Y');
Insert into TEST4.DETAIL_CODE (CODE,DETAIL_CODE,DETAIL_CODE_NAME,USING_STATUS) values ('CO-12','RLC001','부','Y');
Insert into TEST4.DETAIL_CODE (CODE,DETAIL_CODE,DETAIL_CODE_NAME,USING_STATUS) values ('CO-12','RLC002','모','Y');
Insert into TEST4.DETAIL_CODE (CODE,DETAIL_CODE,DETAIL_CODE_NAME,USING_STATUS) values ('CO-12','RLC003','형제','Y');
Insert into TEST4.DETAIL_CODE (CODE,DETAIL_CODE,DETAIL_CODE_NAME,USING_STATUS) values ('CO-12','RLC004','배우자','Y');
Insert into TEST4.DETAIL_CODE (CODE,DETAIL_CODE,DETAIL_CODE_NAME,USING_STATUS) values ('CO-12','RLC005','조부','Y');
Insert into TEST4.DETAIL_CODE (CODE,DETAIL_CODE,DETAIL_CODE_NAME,USING_STATUS) values ('CO-12','RLC006','조모','Y');
Insert into TEST4.DETAIL_CODE (CODE,DETAIL_CODE,DETAIL_CODE_NAME,USING_STATUS) values ('CO-13','LCC001','서울지역본부','Y');
Insert into TEST4.DETAIL_CODE (CODE,DETAIL_CODE,DETAIL_CODE_NAME,USING_STATUS) values ('CO-13','LCC002','강원지사','Y');
Insert into TEST4.DETAIL_CODE (CODE,DETAIL_CODE,DETAIL_CODE_NAME,USING_STATUS) values ('CO-13','LCC003','부산지역본부','Y');
Insert into TEST4.DETAIL_CODE (CODE,DETAIL_CODE,DETAIL_CODE_NAME,USING_STATUS) values ('CO-13','LCC004','울산지사','Y');
Insert into TEST4.DETAIL_CODE (CODE,DETAIL_CODE,DETAIL_CODE_NAME,USING_STATUS) values ('CO-13','LCC005','경남지사','Y');
Insert into TEST4.DETAIL_CODE (CODE,DETAIL_CODE,DETAIL_CODE_NAME,USING_STATUS) values ('CO-13','LCC006','대구지역본부','Y');
Insert into TEST4.DETAIL_CODE (CODE,DETAIL_CODE,DETAIL_CODE_NAME,USING_STATUS) values ('CO-13','LCC007','경북지사','Y');
Insert into TEST4.DETAIL_CODE (CODE,DETAIL_CODE,DETAIL_CODE_NAME,USING_STATUS) values ('CO-13','LCC008','중부지역본부','Y');
Insert into TEST4.DETAIL_CODE (CODE,DETAIL_CODE,DETAIL_CODE_NAME,USING_STATUS) values ('CO-13','LCC009','경기지사','Y');
Insert into TEST4.DETAIL_CODE (CODE,DETAIL_CODE,DETAIL_CODE_NAME,USING_STATUS) values ('CO-13','LCC010','광주지역본부','Y');
Insert into TEST4.DETAIL_CODE (CODE,DETAIL_CODE,DETAIL_CODE_NAME,USING_STATUS) values ('CO-13','LCC011','전북지사','Y');
Insert into TEST4.DETAIL_CODE (CODE,DETAIL_CODE,DETAIL_CODE_NAME,USING_STATUS) values ('CO-13','LCC012','전남지사','Y');
Insert into TEST4.DETAIL_CODE (CODE,DETAIL_CODE,DETAIL_CODE_NAME,USING_STATUS) values ('CO-13','LCC013','제주지사','Y');
Insert into TEST4.DETAIL_CODE (CODE,DETAIL_CODE,DETAIL_CODE_NAME,USING_STATUS) values ('CO-13','LCC014','대전지역본부','Y');
Insert into TEST4.DETAIL_CODE (CODE,DETAIL_CODE,DETAIL_CODE_NAME,USING_STATUS) values ('CO-13','LCC015','충북지사','Y');
Insert into TEST4.DETAIL_CODE (CODE,DETAIL_CODE,DETAIL_CODE_NAME,USING_STATUS) values ('CO-13','LCC016','충남지사','Y');
Insert into TEST4.DETAIL_CODE (CODE,DETAIL_CODE,DETAIL_CODE_NAME,USING_STATUS) values ('CO-14','UNC001','가야대학교','Y');
Insert into TEST4.DETAIL_CODE (CODE,DETAIL_CODE,DETAIL_CODE_NAME,USING_STATUS) values ('CO-14','UNC002','가톨릭대학교','Y');
Insert into TEST4.DETAIL_CODE (CODE,DETAIL_CODE,DETAIL_CODE_NAME,USING_STATUS) values ('CO-14','UNC003','강릉대학교','Y');
Insert into TEST4.DETAIL_CODE (CODE,DETAIL_CODE,DETAIL_CODE_NAME,USING_STATUS) values ('CO-14','UNC004','건국대학교','Y');
Insert into TEST4.DETAIL_CODE (CODE,DETAIL_CODE,DETAIL_CODE_NAME,USING_STATUS) values ('CO-14','UNC005','경기대학교','Y');
Insert into TEST4.DETAIL_CODE (CODE,DETAIL_CODE,DETAIL_CODE_NAME,USING_STATUS) values ('CO-14','UNC006','경남대학교','Y');
Insert into TEST4.DETAIL_CODE (CODE,DETAIL_CODE,DETAIL_CODE_NAME,USING_STATUS) values ('CO-14','UNC007','경북대학교','Y');
Insert into TEST4.DETAIL_CODE (CODE,DETAIL_CODE,DETAIL_CODE_NAME,USING_STATUS) values ('CO-14','UNC008','경상대학교','Y');
Insert into TEST4.DETAIL_CODE (CODE,DETAIL_CODE,DETAIL_CODE_NAME,USING_STATUS) values ('CO-14','UNC009','경희대학교','Y');
Insert into TEST4.DETAIL_CODE (CODE,DETAIL_CODE,DETAIL_CODE_NAME,USING_STATUS) values ('CO-14','UNC010','경주대학교','Y');
Insert into TEST4.DETAIL_CODE (CODE,DETAIL_CODE,DETAIL_CODE_NAME,USING_STATUS) values ('CO-14','UNC011','계명대학교','Y');
Insert into TEST4.DETAIL_CODE (CODE,DETAIL_CODE,DETAIL_CODE_NAME,USING_STATUS) values ('CO-14','UNC012','광주대학교','Y');
Insert into TEST4.DETAIL_CODE (CODE,DETAIL_CODE,DETAIL_CODE_NAME,USING_STATUS) values ('CO-14','UNC013','대구카톨릭대학교','Y');
Insert into TEST4.DETAIL_CODE (CODE,DETAIL_CODE,DETAIL_CODE_NAME,USING_STATUS) values ('CO-14','UNC014','고려대학교','Y');
Insert into TEST4.DETAIL_CODE (CODE,DETAIL_CODE,DETAIL_CODE_NAME,USING_STATUS) values ('CO-14','UNC015','연세대학교','Y');
Insert into TEST4.DETAIL_CODE (CODE,DETAIL_CODE,DETAIL_CODE_NAME,USING_STATUS) values ('CO-14','UNC016','서울대학교','Y');
Insert into TEST4.DETAIL_CODE (CODE,DETAIL_CODE,DETAIL_CODE_NAME,USING_STATUS) values ('CO-14','UNC017','명지대학교','Y');
Insert into TEST4.DETAIL_CODE (CODE,DETAIL_CODE,DETAIL_CODE_NAME,USING_STATUS) values ('CO-14','UNC018','동서대학교','Y');
Insert into TEST4.DETAIL_CODE (CODE,DETAIL_CODE,DETAIL_CODE_NAME,USING_STATUS) values ('CO-14','UNC019','부산대학교','Y');
Insert into TEST4.DETAIL_CODE (CODE,DETAIL_CODE,DETAIL_CODE_NAME,USING_STATUS) values ('CO-14','UNC020','부경대학교','Y');
Insert into TEST4.DETAIL_CODE (CODE,DETAIL_CODE,DETAIL_CODE_NAME,USING_STATUS) values ('CO-14','UNC021','상지대학교','Y');
Insert into TEST4.DETAIL_CODE (CODE,DETAIL_CODE,DETAIL_CODE_NAME,USING_STATUS) values ('CO-14','UNC022','서강대학교','Y');
Insert into TEST4.DETAIL_CODE (CODE,DETAIL_CODE,DETAIL_CODE_NAME,USING_STATUS) values ('CO-14','UNC023','세종대학교','Y');
Insert into TEST4.DETAIL_CODE (CODE,DETAIL_CODE,DETAIL_CODE_NAME,USING_STATUS) values ('CO-14','UNC024','숭실대학교','Y');
Insert into TEST4.DETAIL_CODE (CODE,DETAIL_CODE,DETAIL_CODE_NAME,USING_STATUS) values ('CO-14','UNC025','아주대학교','Y');
Insert into TEST4.DETAIL_CODE (CODE,DETAIL_CODE,DETAIL_CODE_NAME,USING_STATUS) values ('CO-14','UNC026','인제대학교','Y');
Insert into TEST4.DETAIL_CODE (CODE,DETAIL_CODE,DETAIL_CODE_NAME,USING_STATUS) values ('CO-14','UNC027','여수대학교','Y');
Insert into TEST4.DETAIL_CODE (CODE,DETAIL_CODE,DETAIL_CODE_NAME,USING_STATUS) values ('CO-14','UNC028','한양대학교','Y');
Insert into TEST4.DETAIL_CODE (CODE,DETAIL_CODE,DETAIL_CODE_NAME,USING_STATUS) values ('CO-14','UNC029','포항공대','Y');
Insert into TEST4.DETAIL_CODE (CODE,DETAIL_CODE,DETAIL_CODE_NAME,USING_STATUS) values ('CO-14','UNC030','충주대학교','Y');
Insert into TEST4.DETAIL_CODE (CODE,DETAIL_CODE,DETAIL_CODE_NAME,USING_STATUS) values ('CO-14','UNC031','영남대학교','Y');
Insert into TEST4.DETAIL_CODE (CODE,DETAIL_CODE,DETAIL_CODE_NAME,USING_STATUS) values ('CO-14','UNC032','홍익대학교','Y');
Insert into TEST4.DETAIL_CODE (CODE,DETAIL_CODE,DETAIL_CODE_NAME,USING_STATUS) values ('CO-15','HGC001','유휴','Y');
Insert into TEST4.DETAIL_CODE (CODE,DETAIL_CODE,DETAIL_CODE_NAME,USING_STATUS) values ('CO-15','HGC002','무휴','Y');
Insert into TEST4.DETAIL_CODE (CODE,DETAIL_CODE,DETAIL_CODE_NAME,USING_STATUS) values ('CO-16','ADC001','출근','Y');
Insert into TEST4.DETAIL_CODE (CODE,DETAIL_CODE,DETAIL_CODE_NAME,USING_STATUS) values ('CO-16','ADC002','퇴근','Y');
Insert into TEST4.DETAIL_CODE (CODE,DETAIL_CODE,DETAIL_CODE_NAME,USING_STATUS) values ('CO-16','ADC003','외출','Y');
Insert into TEST4.DETAIL_CODE (CODE,DETAIL_CODE,DETAIL_CODE_NAME,USING_STATUS) values ('CO-16','ADC004','귀사','Y');
Insert into TEST4.DETAIL_CODE (CODE,DETAIL_CODE,DETAIL_CODE_NAME,USING_STATUS) values ('CO-16','ADC005','조퇴','Y');
Insert into TEST4.DETAIL_CODE (CODE,DETAIL_CODE,DETAIL_CODE_NAME,USING_STATUS) values ('CO-16','ADC006','결근','Y');
Insert into TEST4.DETAIL_CODE (CODE,DETAIL_CODE,DETAIL_CODE_NAME,USING_STATUS) values ('CO-16','ADC007','휴무','Y');
Insert into TEST4.DETAIL_CODE (CODE,DETAIL_CODE,DETAIL_CODE_NAME,USING_STATUS) values ('CO-17','ASC001','경조사','Y');
Insert into TEST4.DETAIL_CODE (CODE,DETAIL_CODE,DETAIL_CODE_NAME,USING_STATUS) values ('CO-17','ASC002','출장','Y');
Insert into TEST4.DETAIL_CODE (CODE,DETAIL_CODE,DETAIL_CODE_NAME,USING_STATUS) values ('CO-17','ASC003','교육','Y');
Insert into TEST4.DETAIL_CODE (CODE,DETAIL_CODE,DETAIL_CODE_NAME,USING_STATUS) values ('CO-17','ASC004','예비군','Y');
Insert into TEST4.DETAIL_CODE (CODE,DETAIL_CODE,DETAIL_CODE_NAME,USING_STATUS) values ('CO-17','ASC005','휴가','Y');
Insert into TEST4.DETAIL_CODE (CODE,DETAIL_CODE,DETAIL_CODE_NAME,USING_STATUS) values ('CO-18','AQC019','오후반차','Y');
Insert into TEST4.DETAIL_CODE (CODE,DETAIL_CODE,DETAIL_CODE_NAME,USING_STATUS) values ('CO-27','DEP001','회계부','Y');
Insert into TEST4.DETAIL_CODE (CODE,DETAIL_CODE,DETAIL_CODE_NAME,USING_STATUS) values ('CO-17','ASC008','초과근무','Y');
Insert into TEST4.DETAIL_CODE (CODE,DETAIL_CODE,DETAIL_CODE_NAME,USING_STATUS) values ('CO-18','AQC001','연장근무시작','Y');
Insert into TEST4.DETAIL_CODE (CODE,DETAIL_CODE,DETAIL_CODE_NAME,USING_STATUS) values ('CO-18','AQC002','심야근무시작','Y');
Insert into TEST4.DETAIL_CODE (CODE,DETAIL_CODE,DETAIL_CODE_NAME,USING_STATUS) values ('CO-18','AQC003','지각','Y');
Insert into TEST4.DETAIL_CODE (CODE,DETAIL_CODE,DETAIL_CODE_NAME,USING_STATUS) values ('CO-18','AQC004','정상출근','Y');
Insert into TEST4.DETAIL_CODE (CODE,DETAIL_CODE,DETAIL_CODE_NAME,USING_STATUS) values ('CO-18','AQC005','정상퇴근','Y');
Insert into TEST4.DETAIL_CODE (CODE,DETAIL_CODE,DETAIL_CODE_NAME,USING_STATUS) values ('CO-18','AQC006','조퇴','Y');
Insert into TEST4.DETAIL_CODE (CODE,DETAIL_CODE,DETAIL_CODE_NAME,USING_STATUS) values ('CO-18','AQC007','결근','Y');
Insert into TEST4.DETAIL_CODE (CODE,DETAIL_CODE,DETAIL_CODE_NAME,USING_STATUS) values ('CO-18','AQC008','휴무','Y');
Insert into TEST4.DETAIL_CODE (CODE,DETAIL_CODE,DETAIL_CODE_NAME,USING_STATUS) values ('CO-18','AQC009','휴일','Y');
Insert into TEST4.DETAIL_CODE (CODE,DETAIL_CODE,DETAIL_CODE_NAME,USING_STATUS) values ('CO-18','AQC010','정상근무일','Y');
Insert into TEST4.DETAIL_CODE (CODE,DETAIL_CODE,DETAIL_CODE_NAME,USING_STATUS) values ('CO-18','AQC011','출장','Y');
Insert into TEST4.DETAIL_CODE (CODE,DETAIL_CODE,DETAIL_CODE_NAME,USING_STATUS) values ('CO-18','AQC012','교육','Y');
Insert into TEST4.DETAIL_CODE (CODE,DETAIL_CODE,DETAIL_CODE_NAME,USING_STATUS) values ('CO-18','AQC013','연차','Y');
Insert into TEST4.DETAIL_CODE (CODE,DETAIL_CODE,DETAIL_CODE_NAME,USING_STATUS) values ('CO-19','SGC000','급상여','Y');
Insert into TEST4.DETAIL_CODE (CODE,DETAIL_CODE,DETAIL_CODE_NAME,USING_STATUS) values ('CO-19','SGC001','급여','Y');
Insert into TEST4.DETAIL_CODE (CODE,DETAIL_CODE,DETAIL_CODE_NAME,USING_STATUS) values ('CO-19','SGC002','상여','Y');
Insert into TEST4.DETAIL_CODE (CODE,DETAIL_CODE,DETAIL_CODE_NAME,USING_STATUS) values ('CO-20','PDC001','지급','Y');
Insert into TEST4.DETAIL_CODE (CODE,DETAIL_CODE,DETAIL_CODE_NAME,USING_STATUS) values ('CO-20','PDC002','공제','Y');
Insert into TEST4.DETAIL_CODE (CODE,DETAIL_CODE,DETAIL_CODE_NAME,USING_STATUS) values ('CO-21','PTC001','과세','Y');
Insert into TEST4.DETAIL_CODE (CODE,DETAIL_CODE,DETAIL_CODE_NAME,USING_STATUS) values ('CO-21','PTC002','비과세','Y');
Insert into TEST4.DETAIL_CODE (CODE,DETAIL_CODE,DETAIL_CODE_NAME,USING_STATUS) values ('CO-22','PDM001','환경등록적용','Y');
Insert into TEST4.DETAIL_CODE (CODE,DETAIL_CODE,DETAIL_CODE_NAME,USING_STATUS) values ('CO-22','PDM002','정상적용','Y');
Insert into TEST4.DETAIL_CODE (CODE,DETAIL_CODE,DETAIL_CODE_NAME,USING_STATUS) values ('CO-22','PDM003','일할적용','Y');
Insert into TEST4.DETAIL_CODE (CODE,DETAIL_CODE,DETAIL_CODE_NAME,USING_STATUS) values ('CO-23','PMC001','포함','Y');
Insert into TEST4.DETAIL_CODE (CODE,DETAIL_CODE,DETAIL_CODE_NAME,USING_STATUS) values ('CO-23','PMC002','비포함','Y');
Insert into TEST4.DETAIL_CODE (CODE,DETAIL_CODE,DETAIL_CODE_NAME,USING_STATUS) values ('CO-24','STS001','동시','Y');
Insert into TEST4.DETAIL_CODE (CODE,DETAIL_CODE,DETAIL_CODE_NAME,USING_STATUS) values ('CO-24','STS002','분리','Y');
Insert into TEST4.DETAIL_CODE (CODE,DETAIL_CODE,DETAIL_CODE_NAME,USING_STATUS) values ('CO-12','RLC008','자매','Y');
Insert into TEST4.DETAIL_CODE (CODE,DETAIL_CODE,DETAIL_CODE_NAME,USING_STATUS) values ('CO-18','AQC015','연장근무종료','Y');
Insert into TEST4.DETAIL_CODE (CODE,DETAIL_CODE,DETAIL_CODE_NAME,USING_STATUS) values ('CO-12','RLC009','남매','Y');
Insert into TEST4.DETAIL_CODE (CODE,DETAIL_CODE,DETAIL_CODE_NAME,USING_STATUS) values ('CO-18','AQC014','심야근무종료','Y');
Insert into TEST4.DETAIL_CODE (CODE,DETAIL_CODE,DETAIL_CODE_NAME,USING_STATUS) values ('CO-18','AQC016','경조사','Y');
Insert into TEST4.DETAIL_CODE (CODE,DETAIL_CODE,DETAIL_CODE_NAME,USING_STATUS) values ('CO-18','AQC017','예비군','Y');
Insert into TEST4.DETAIL_CODE (CODE,DETAIL_CODE,DETAIL_CODE_NAME,USING_STATUS) values ('CO-26','COM-01','(주)유니컴퍼니','Y');
Insert into TEST4.DETAIL_CODE (CODE,DETAIL_CODE,DETAIL_CODE_NAME,USING_STATUS) values ('CO-27','DEP000','경영진','Y');
Insert into TEST4.DETAIL_CODE (CODE,DETAIL_CODE,DETAIL_CODE_NAME,USING_STATUS) values ('CO-25','ALV001','연차','Y');
Insert into TEST4.DETAIL_CODE (CODE,DETAIL_CODE,DETAIL_CODE_NAME,USING_STATUS) values ('CO-25','SALV001','오전반차','Y');
Insert into TEST4.DETAIL_CODE (CODE,DETAIL_CODE,DETAIL_CODE_NAME,USING_STATUS) values ('CO-25','SALV002','오후반차','Y');
Insert into TEST4.DETAIL_CODE (CODE,DETAIL_CODE,DETAIL_CODE_NAME,USING_STATUS) values ('CO-18','AQC018','오전반차','Y');
Insert into TEST4.DETAIL_CODE (CODE,DETAIL_CODE,DETAIL_CODE_NAME,USING_STATUS) values ('CO-27','DEP002','경영지원부','Y');
Insert into TEST4.DETAIL_CODE (CODE,DETAIL_CODE,DETAIL_CODE_NAME,USING_STATUS) values ('CO-27','DEP003','영업부','Y');
Insert into TEST4.DETAIL_CODE (CODE,DETAIL_CODE,DETAIL_CODE_NAME,USING_STATUS) values ('CO-27','DEP004','기술부','Y');
Insert into TEST4.DETAIL_CODE (CODE,DETAIL_CODE,DETAIL_CODE_NAME,USING_STATUS) values ('CO-27','DEP005','생산부','Y');
Insert into TEST4.DETAIL_CODE (CODE,DETAIL_CODE,DETAIL_CODE_NAME,USING_STATUS) values ('CO-27','DEP006','구매부','Y');
Insert into TEST4.DETAIL_CODE (CODE,DETAIL_CODE,DETAIL_CODE_NAME,USING_STATUS) values ('CO-27','DEP007','인사부','Y');
Insert into TEST4.DETAIL_CODE (CODE,DETAIL_CODE,DETAIL_CODE_NAME,USING_STATUS) values ('CO-27','DEP008','홍보부','Y');
Insert into TEST4.DETAIL_CODE (CODE,DETAIL_CODE,DETAIL_CODE_NAME,USING_STATUS) values ('CO-27','DEP009','유통부','Y');
Insert into TEST4.DETAIL_CODE (CODE,DETAIL_CODE,DETAIL_CODE_NAME,USING_STATUS) values ('CO-27','DEP010','물류부','Y');
Insert into TEST4.DETAIL_CODE (CODE,DETAIL_CODE,DETAIL_CODE_NAME,USING_STATUS) values ('CO-27','DEP011','연구실','Y');
Insert into TEST4.DETAIL_CODE (CODE,DETAIL_CODE,DETAIL_CODE_NAME,USING_STATUS) values ('CO-27','DEP012','인재개발부','Y');
Insert into TEST4.DETAIL_CODE (CODE,DETAIL_CODE,DETAIL_CODE_NAME,USING_STATUS) values ('CO-27','DEP013','경영개선부','Y');
Insert into TEST4.DETAIL_CODE (CODE,DETAIL_CODE,DETAIL_CODE_NAME,USING_STATUS) values ('CO-27','DEP014','총무부','Y');
Insert into TEST4.DETAIL_CODE (CODE,DETAIL_CODE,DETAIL_CODE_NAME,USING_STATUS) values ('CO-27','DEP015','경리부','Y');
Insert into TEST4.DETAIL_CODE (CODE,DETAIL_CODE,DETAIL_CODE_NAME,USING_STATUS) values ('CO-27','DEP016','법무부','Y');
Insert into TEST4.DETAIL_CODE (CODE,DETAIL_CODE,DETAIL_CODE_NAME,USING_STATUS) values ('CO-27','DEP017','기획부','Y');
Insert into TEST4.DETAIL_CODE (CODE,DETAIL_CODE,DETAIL_CODE_NAME,USING_STATUS) values ('CO-27','DEP018','총괄관리부','Y');
Insert into TEST4.DETAIL_CODE (CODE,DETAIL_CODE,DETAIL_CODE_NAME,USING_STATUS) values ('CO-27','DEP019','회계부','Y');
REM INSERTING into TEST4.EDUCATION_INFO
SET DEFINE OFF;
REM INSERTING into TEST4.EMPLOYEE
SET DEFINE OFF;
Insert into TEST4.EMPLOYEE (EMP_CODE,EMP_NAME,PASSWORD,POSITION_CODE,AUTHORITY_CODE,DEPT_CODE,BUSINESS_CODE) values ('1001','강순용','1111','POS000','SYSTEM','DEP000','BRC-01');
Insert into TEST4.EMPLOYEE (EMP_CODE,EMP_NAME,PASSWORD,POSITION_CODE,AUTHORITY_CODE,DEPT_CODE,BUSINESS_CODE) values ('1002','손창우','1111','POS001','SYSTEM','DEP001','BRC-01');
Insert into TEST4.EMPLOYEE (EMP_CODE,EMP_NAME,PASSWORD,POSITION_CODE,AUTHORITY_CODE,DEPT_CODE,BUSINESS_CODE) values ('1003','조윤희','1111','POS004','HR','DEP001','BRC-01');
Insert into TEST4.EMPLOYEE (EMP_CODE,EMP_NAME,PASSWORD,POSITION_CODE,AUTHORITY_CODE,DEPT_CODE,BUSINESS_CODE) values ('1004','정승훈','1111','POS007','GENERAL','DEP001','BRC-01');
Insert into TEST4.EMPLOYEE (EMP_CODE,EMP_NAME,PASSWORD,POSITION_CODE,AUTHORITY_CODE,DEPT_CODE,BUSINESS_CODE) values ('1005','김성화','1111','POS009','GENERAL','DEP001','BRC-01');
REM INSERTING into TEST4.EMPLOYEE_INFO
SET DEFINE OFF;
Insert into TEST4.EMPLOYEE_INFO (EMP_CODE,EMP_NAME,RESIDENT_NUMBER,BIRTH_DATE,GENDER,TEL,PHONE_NUMBER,NATIVE_TYPE_CODE,EMAIL,HIGHEST_EDUCATION_CODE,BASE_ADDRESS,DETAIL_ADDRESS,ZIP_CODE,IMG_SRC,DISABILITY_CODE) values ('1004','정승훈',null,'19',null,null,null,null,null,null,null,null,null,null,null);
Insert into TEST4.EMPLOYEE_INFO (EMP_CODE,EMP_NAME,RESIDENT_NUMBER,BIRTH_DATE,GENDER,TEL,PHONE_NUMBER,NATIVE_TYPE_CODE,EMAIL,HIGHEST_EDUCATION_CODE,BASE_ADDRESS,DETAIL_ADDRESS,ZIP_CODE,IMG_SRC,DISABILITY_CODE) values ('1003','조윤희','8711241831412','198711','F',null,'01077777777','CO-08','youin3575@naver.com','석사','경상남도 진주시  가좌동  가좌길74번길','혜람빌딩','660300','1003.jpg','DIC001');
Insert into TEST4.EMPLOYEE_INFO (EMP_CODE,EMP_NAME,RESIDENT_NUMBER,BIRTH_DATE,GENDER,TEL,PHONE_NUMBER,NATIVE_TYPE_CODE,EMAIL,HIGHEST_EDUCATION_CODE,BASE_ADDRESS,DETAIL_ADDRESS,ZIP_CODE,IMG_SRC,DISABILITY_CODE) values ('1002','손창우','1507071777777','191507','M',null,'01077777777','CO-08','LHK@LHK.COM','석사','경상남도 진주시 가좌동 639-1 (혜람빌딩)','5층','52822','1002.jpg','DIC001');
Insert into TEST4.EMPLOYEE_INFO (EMP_CODE,EMP_NAME,RESIDENT_NUMBER,BIRTH_DATE,GENDER,TEL,PHONE_NUMBER,NATIVE_TYPE_CODE,EMAIL,HIGHEST_EDUCATION_CODE,BASE_ADDRESS,DETAIL_ADDRESS,ZIP_CODE,IMG_SRC,DISABILITY_CODE) values ('1001','강순용','8808081888888','198808','M',null,'01088888888','CO-08',null,'대학','경상남도 진주시 가좌길74번길 8 (가좌동, 혜람빌딩)','5층','52822','1001.jpg','DIC001');
Insert into TEST4.EMPLOYEE_INFO (EMP_CODE,EMP_NAME,RESIDENT_NUMBER,BIRTH_DATE,GENDER,TEL,PHONE_NUMBER,NATIVE_TYPE_CODE,EMAIL,HIGHEST_EDUCATION_CODE,BASE_ADDRESS,DETAIL_ADDRESS,ZIP_CODE,IMG_SRC,DISABILITY_CODE) values ('1005','김성화',null,'19',null,null,null,null,null,null,null,null,null,null,null);
REM INSERTING into TEST4.ETC_SAL
SET DEFINE OFF;
Insert into TEST4.ETC_SAL (ETC_SAL_CODE,ETC_SAL_NAME,ETC_SAL_PRICE) values ('ETS001','출장수당','100000');
Insert into TEST4.ETC_SAL (ETC_SAL_CODE,ETC_SAL_NAME,ETC_SAL_PRICE) values ('ETS002','유류비','200000');
Insert into TEST4.ETC_SAL (ETC_SAL_CODE,ETC_SAL_NAME,ETC_SAL_PRICE) values ('ETS003','자기계발지원금','200000');
Insert into TEST4.ETC_SAL (ETC_SAL_CODE,ETC_SAL_NAME,ETC_SAL_PRICE) values ('ETS004','식비','200000');
REM INSERTING into TEST4.FAMILY_INFO
SET DEFINE OFF;
REM INSERTING into TEST4.HOBONG
SET DEFINE OFF;
Insert into TEST4.HOBONG (HOBONG,POSITION_CODE,BASE_SAL,BONUS,SIGUB) values ('1호봉','POS000','5000000','2500000','24038');
Insert into TEST4.HOBONG (HOBONG,POSITION_CODE,BASE_SAL,BONUS,SIGUB) values ('2호봉','POS000','5100000','2550000','24519');
Insert into TEST4.HOBONG (HOBONG,POSITION_CODE,BASE_SAL,BONUS,SIGUB) values ('3호봉','POS000','5200000','2600000','25000');
Insert into TEST4.HOBONG (HOBONG,POSITION_CODE,BASE_SAL,BONUS,SIGUB) values ('4호봉','POS000','5300000','2650000','25480');
Insert into TEST4.HOBONG (HOBONG,POSITION_CODE,BASE_SAL,BONUS,SIGUB) values ('5호봉','POS000','5400000','2700000','25961');
Insert into TEST4.HOBONG (HOBONG,POSITION_CODE,BASE_SAL,BONUS,SIGUB) values ('6호봉','POS000','5500000','2750000','26442');
Insert into TEST4.HOBONG (HOBONG,POSITION_CODE,BASE_SAL,BONUS,SIGUB) values ('7호봉','POS000','5600000','2800000','26923');
Insert into TEST4.HOBONG (HOBONG,POSITION_CODE,BASE_SAL,BONUS,SIGUB) values ('8호봉','POS000','5700000','2850000','27403');
Insert into TEST4.HOBONG (HOBONG,POSITION_CODE,BASE_SAL,BONUS,SIGUB) values ('9호봉','POS000','5800000','2900000','27884');
Insert into TEST4.HOBONG (HOBONG,POSITION_CODE,BASE_SAL,BONUS,SIGUB) values ('10호봉','POS000','5900000','2950000','28365');
Insert into TEST4.HOBONG (HOBONG,POSITION_CODE,BASE_SAL,BONUS,SIGUB) values ('1호봉','POS001','4064400','2032200','19487');
Insert into TEST4.HOBONG (HOBONG,POSITION_CODE,BASE_SAL,BONUS,SIGUB) values ('2호봉','POS001','4186322','2093166','20071');
Insert into TEST4.HOBONG (HOBONG,POSITION_CODE,BASE_SAL,BONUS,SIGUB) values ('3호봉','POS001','4311922','2155961','20674');
Insert into TEST4.HOBONG (HOBONG,POSITION_CODE,BASE_SAL,BONUS,SIGUB) values ('4호봉','POS001','4441280','2220640','21294');
Insert into TEST4.HOBONG (HOBONG,POSITION_CODE,BASE_SAL,BONUS,SIGUB) values ('5호봉','POS001','4574518','2287259','21933');
Insert into TEST4.HOBONG (HOBONG,POSITION_CODE,BASE_SAL,BONUS,SIGUB) values ('6호봉','POS001','4574518','2287259','21933');
Insert into TEST4.HOBONG (HOBONG,POSITION_CODE,BASE_SAL,BONUS,SIGUB) values ('7호봉','POS001','4574518','2287259','21933');
Insert into TEST4.HOBONG (HOBONG,POSITION_CODE,BASE_SAL,BONUS,SIGUB) values ('8호봉','POS001','4574518','2287259','21933');
Insert into TEST4.HOBONG (HOBONG,POSITION_CODE,BASE_SAL,BONUS,SIGUB) values ('9호봉','POS001','4574518','2287259','21933');
Insert into TEST4.HOBONG (HOBONG,POSITION_CODE,BASE_SAL,BONUS,SIGUB) values ('10호봉','POS001','4574518','2287259','21933');
Insert into TEST4.HOBONG (HOBONG,POSITION_CODE,BASE_SAL,BONUS,SIGUB) values ('1호봉','POS002','3826700','1913350','18347');
Insert into TEST4.HOBONG (HOBONG,POSITION_CODE,BASE_SAL,BONUS,SIGUB) values ('2호봉','POS002','3941501','1970751','18898');
Insert into TEST4.HOBONG (HOBONG,POSITION_CODE,BASE_SAL,BONUS,SIGUB) values ('3호봉','POS002','4059746','2029873','19465');
Insert into TEST4.HOBONG (HOBONG,POSITION_CODE,BASE_SAL,BONUS,SIGUB) values ('4호봉','POS002','4181538','2090769','20048');
Insert into TEST4.HOBONG (HOBONG,POSITION_CODE,BASE_SAL,BONUS,SIGUB) values ('5호봉','POS002','4306985','2153492','20650');
Insert into TEST4.HOBONG (HOBONG,POSITION_CODE,BASE_SAL,BONUS,SIGUB) values ('6호봉','POS002','4306985','2153492','20650');
Insert into TEST4.HOBONG (HOBONG,POSITION_CODE,BASE_SAL,BONUS,SIGUB) values ('7호봉','POS002','4306985','2153492','20650');
Insert into TEST4.HOBONG (HOBONG,POSITION_CODE,BASE_SAL,BONUS,SIGUB) values ('8호봉','POS002','4306985','2153492','20650');
Insert into TEST4.HOBONG (HOBONG,POSITION_CODE,BASE_SAL,BONUS,SIGUB) values ('9호봉','POS002','4306985','2153492','20650');
Insert into TEST4.HOBONG (HOBONG,POSITION_CODE,BASE_SAL,BONUS,SIGUB) values ('10호봉','POS002','10000','2153492','20650');
Insert into TEST4.HOBONG (HOBONG,POSITION_CODE,BASE_SAL,BONUS,SIGUB) values ('1호봉','POS003','3081300','1540650','14773');
Insert into TEST4.HOBONG (HOBONG,POSITION_CODE,BASE_SAL,BONUS,SIGUB) values ('2호봉','POS003','3173739','1586870','15217');
Insert into TEST4.HOBONG (HOBONG,POSITION_CODE,BASE_SAL,BONUS,SIGUB) values ('3호봉','POS003','3268951','1634476','15673');
Insert into TEST4.HOBONG (HOBONG,POSITION_CODE,BASE_SAL,BONUS,SIGUB) values ('4호봉','POS003','3367020','1683510','16143');
Insert into TEST4.HOBONG (HOBONG,POSITION_CODE,BASE_SAL,BONUS,SIGUB) values ('5호봉','POS003','3468030','1734015','16628');
Insert into TEST4.HOBONG (HOBONG,POSITION_CODE,BASE_SAL,BONUS,SIGUB) values ('6호봉','POS003','3468030','1734015','16628');
Insert into TEST4.HOBONG (HOBONG,POSITION_CODE,BASE_SAL,BONUS,SIGUB) values ('7호봉','POS003','3468030','1734015','16628');
Insert into TEST4.HOBONG (HOBONG,POSITION_CODE,BASE_SAL,BONUS,SIGUB) values ('8호봉','POS003','3468030','1734015','16628');
Insert into TEST4.HOBONG (HOBONG,POSITION_CODE,BASE_SAL,BONUS,SIGUB) values ('9호봉','POS003','3468030','1734015','16628');
Insert into TEST4.HOBONG (HOBONG,POSITION_CODE,BASE_SAL,BONUS,SIGUB) values ('10호봉','POS003','3468030','1734015','16628');
Insert into TEST4.HOBONG (HOBONG,POSITION_CODE,BASE_SAL,BONUS,SIGUB) values ('1호봉','POS004','2729900','1364950','13089');
Insert into TEST4.HOBONG (HOBONG,POSITION_CODE,BASE_SAL,BONUS,SIGUB) values ('2호봉','POS004','2811797','1405899','13481');
Insert into TEST4.HOBONG (HOBONG,POSITION_CODE,BASE_SAL,BONUS,SIGUB) values ('3호봉','POS004','2896151','1448075','13886');
Insert into TEST4.HOBONG (HOBONG,POSITION_CODE,BASE_SAL,BONUS,SIGUB) values ('4호봉','POS004','2983035','1491518','14302');
Insert into TEST4.HOBONG (HOBONG,POSITION_CODE,BASE_SAL,BONUS,SIGUB) values ('5호봉','POS004','3072527','1536263','14731');
Insert into TEST4.HOBONG (HOBONG,POSITION_CODE,BASE_SAL,BONUS,SIGUB) values ('6호봉','POS004','3072527','1536263','14731');
Insert into TEST4.HOBONG (HOBONG,POSITION_CODE,BASE_SAL,BONUS,SIGUB) values ('7호봉','POS004','3072527','1536263','14731');
Insert into TEST4.HOBONG (HOBONG,POSITION_CODE,BASE_SAL,BONUS,SIGUB) values ('8호봉','POS004','3072527','1536263','14731');
Insert into TEST4.HOBONG (HOBONG,POSITION_CODE,BASE_SAL,BONUS,SIGUB) values ('9호봉','POS004','3072527','1536263','14731');
Insert into TEST4.HOBONG (HOBONG,POSITION_CODE,BASE_SAL,BONUS,SIGUB) values ('10호봉','POS004','3072527','1536263','14731');
Insert into TEST4.HOBONG (HOBONG,POSITION_CODE,BASE_SAL,BONUS,SIGUB) values ('1호봉','POS005','2225400','1112700','10670');
Insert into TEST4.HOBONG (HOBONG,POSITION_CODE,BASE_SAL,BONUS,SIGUB) values ('2호봉','POS005','2292162','1146081','10990');
Insert into TEST4.HOBONG (HOBONG,POSITION_CODE,BASE_SAL,BONUS,SIGUB) values ('3호봉','POS005','2360927','1180463','11320');
Insert into TEST4.HOBONG (HOBONG,POSITION_CODE,BASE_SAL,BONUS,SIGUB) values ('4호봉','POS005','2431755','1215877','11659');
Insert into TEST4.HOBONG (HOBONG,POSITION_CODE,BASE_SAL,BONUS,SIGUB) values ('5호봉','POS005','2504707','1252354','12009');
Insert into TEST4.HOBONG (HOBONG,POSITION_CODE,BASE_SAL,BONUS,SIGUB) values ('6호봉','POS005','2504707','1252354','12009');
Insert into TEST4.HOBONG (HOBONG,POSITION_CODE,BASE_SAL,BONUS,SIGUB) values ('7호봉','POS005','2504707','1252354','12009');
Insert into TEST4.HOBONG (HOBONG,POSITION_CODE,BASE_SAL,BONUS,SIGUB) values ('8호봉','POS005','2504707','1252354','12009');
Insert into TEST4.HOBONG (HOBONG,POSITION_CODE,BASE_SAL,BONUS,SIGUB) values ('9호봉','POS005','2504707','1252354','12009');
Insert into TEST4.HOBONG (HOBONG,POSITION_CODE,BASE_SAL,BONUS,SIGUB) values ('10호봉','POS005','2504707','1252354','12009');
Insert into TEST4.HOBONG (HOBONG,POSITION_CODE,BASE_SAL,BONUS,SIGUB) values ('1호봉','POS006','1761100','880550','8444');
Insert into TEST4.HOBONG (HOBONG,POSITION_CODE,BASE_SAL,BONUS,SIGUB) values ('2호봉','POS006','1813933','906967','8697');
Insert into TEST4.HOBONG (HOBONG,POSITION_CODE,BASE_SAL,BONUS,SIGUB) values ('3호봉','POS006','1868351','934175','8958');
Insert into TEST4.HOBONG (HOBONG,POSITION_CODE,BASE_SAL,BONUS,SIGUB) values ('4호봉','POS006','1924402','962201','9227');
Insert into TEST4.HOBONG (HOBONG,POSITION_CODE,BASE_SAL,BONUS,SIGUB) values ('5호봉','POS006','1982134','991067','9503');
Insert into TEST4.HOBONG (HOBONG,POSITION_CODE,BASE_SAL,BONUS,SIGUB) values ('6호봉','POS006','1982134','991067','9503');
Insert into TEST4.HOBONG (HOBONG,POSITION_CODE,BASE_SAL,BONUS,SIGUB) values ('7호봉','POS006','1982134','991067','9503');
Insert into TEST4.HOBONG (HOBONG,POSITION_CODE,BASE_SAL,BONUS,SIGUB) values ('8호봉','POS006','1982134','991067','9503');
Insert into TEST4.HOBONG (HOBONG,POSITION_CODE,BASE_SAL,BONUS,SIGUB) values ('9호봉','POS006','1982134','991067','9503');
Insert into TEST4.HOBONG (HOBONG,POSITION_CODE,BASE_SAL,BONUS,SIGUB) values ('10호봉','POS006','1982134','991067','9503');
Insert into TEST4.HOBONG (HOBONG,POSITION_CODE,BASE_SAL,BONUS,SIGUB) values ('1호봉','POS007','1761100','880550','8444');
Insert into TEST4.HOBONG (HOBONG,POSITION_CODE,BASE_SAL,BONUS,SIGUB) values ('2호봉','POS007','1813933','906967','8697');
Insert into TEST4.HOBONG (HOBONG,POSITION_CODE,BASE_SAL,BONUS,SIGUB) values ('3호봉','POS007','1868351','934175','8958');
Insert into TEST4.HOBONG (HOBONG,POSITION_CODE,BASE_SAL,BONUS,SIGUB) values ('4호봉','POS007','1924402','962201','9227');
Insert into TEST4.HOBONG (HOBONG,POSITION_CODE,BASE_SAL,BONUS,SIGUB) values ('5호봉','POS007','1982134','991067','9503');
Insert into TEST4.HOBONG (HOBONG,POSITION_CODE,BASE_SAL,BONUS,SIGUB) values ('6호봉','POS007','1982134','991067','9503');
Insert into TEST4.HOBONG (HOBONG,POSITION_CODE,BASE_SAL,BONUS,SIGUB) values ('7호봉','POS007','1982134','991067','9503');
Insert into TEST4.HOBONG (HOBONG,POSITION_CODE,BASE_SAL,BONUS,SIGUB) values ('8호봉','POS007','1982134','991067','9503');
Insert into TEST4.HOBONG (HOBONG,POSITION_CODE,BASE_SAL,BONUS,SIGUB) values ('9호봉','POS007','1982134','991067','9503');
Insert into TEST4.HOBONG (HOBONG,POSITION_CODE,BASE_SAL,BONUS,SIGUB) values ('10호봉','POS007','1982134','991067','9503');
Insert into TEST4.HOBONG (HOBONG,POSITION_CODE,BASE_SAL,BONUS,SIGUB) values ('1호봉','POS008','1761100','880550','8444');
Insert into TEST4.HOBONG (HOBONG,POSITION_CODE,BASE_SAL,BONUS,SIGUB) values ('2호봉','POS008','1813933','906967','8697');
Insert into TEST4.HOBONG (HOBONG,POSITION_CODE,BASE_SAL,BONUS,SIGUB) values ('3호봉','POS008','1868351','934175','8958');
Insert into TEST4.HOBONG (HOBONG,POSITION_CODE,BASE_SAL,BONUS,SIGUB) values ('4호봉','POS008','1924402','962201','9227');
Insert into TEST4.HOBONG (HOBONG,POSITION_CODE,BASE_SAL,BONUS,SIGUB) values ('5호봉','POS008','1982134','991067','9503');
Insert into TEST4.HOBONG (HOBONG,POSITION_CODE,BASE_SAL,BONUS,SIGUB) values ('6호봉','POS008','1982134','991067','9503');
Insert into TEST4.HOBONG (HOBONG,POSITION_CODE,BASE_SAL,BONUS,SIGUB) values ('7호봉','POS008','1982134','991067','9503');
Insert into TEST4.HOBONG (HOBONG,POSITION_CODE,BASE_SAL,BONUS,SIGUB) values ('8호봉','POS008','1982134','991067','9503');
Insert into TEST4.HOBONG (HOBONG,POSITION_CODE,BASE_SAL,BONUS,SIGUB) values ('9호봉','POS008','1982134','991067','9503');
Insert into TEST4.HOBONG (HOBONG,POSITION_CODE,BASE_SAL,BONUS,SIGUB) values ('10호봉','POS008','1982134','991067','9503');
Insert into TEST4.HOBONG (HOBONG,POSITION_CODE,BASE_SAL,BONUS,SIGUB) values ('1호봉','POS009','1761100','880550','8444');
Insert into TEST4.HOBONG (HOBONG,POSITION_CODE,BASE_SAL,BONUS,SIGUB) values ('2호봉','POS009','1813933','906967','8697');
Insert into TEST4.HOBONG (HOBONG,POSITION_CODE,BASE_SAL,BONUS,SIGUB) values ('3호봉','POS009','1868351','934175','8958');
Insert into TEST4.HOBONG (HOBONG,POSITION_CODE,BASE_SAL,BONUS,SIGUB) values ('4호봉','POS009','1924402','962201','9227');
Insert into TEST4.HOBONG (HOBONG,POSITION_CODE,BASE_SAL,BONUS,SIGUB) values ('5호봉','POS009','1982134','991067','9503');
Insert into TEST4.HOBONG (HOBONG,POSITION_CODE,BASE_SAL,BONUS,SIGUB) values ('6호봉','POS009','1982134','991067','9503');
Insert into TEST4.HOBONG (HOBONG,POSITION_CODE,BASE_SAL,BONUS,SIGUB) values ('7호봉','POS009','1982134','991067','9503');
Insert into TEST4.HOBONG (HOBONG,POSITION_CODE,BASE_SAL,BONUS,SIGUB) values ('8호봉','POS009','1982134','991067','9503');
Insert into TEST4.HOBONG (HOBONG,POSITION_CODE,BASE_SAL,BONUS,SIGUB) values ('9호봉','POS009','1982134','991067','9503');
Insert into TEST4.HOBONG (HOBONG,POSITION_CODE,BASE_SAL,BONUS,SIGUB) values ('10호봉','POS009','1982134','991067','9503');
REM INSERTING into TEST4.HOLIDAY_MGT
SET DEFINE OFF;
Insert into TEST4.HOLIDAY_MGT (BASIC_DAY,HOLIDAY_NAME,NOTE,HOLIDAY_TYPE) values ('20180101','신정','국가지정공휴일','HGC001');
Insert into TEST4.HOLIDAY_MGT (BASIC_DAY,HOLIDAY_NAME,NOTE,HOLIDAY_TYPE) values ('20180215','설날','국가지정공휴일','HGC001');
Insert into TEST4.HOLIDAY_MGT (BASIC_DAY,HOLIDAY_NAME,NOTE,HOLIDAY_TYPE) values ('20180216','설날','국가지정공휴일','HGC001');
Insert into TEST4.HOLIDAY_MGT (BASIC_DAY,HOLIDAY_NAME,NOTE,HOLIDAY_TYPE) values ('20180217','설날','국가지정공휴일','HGC001');
Insert into TEST4.HOLIDAY_MGT (BASIC_DAY,HOLIDAY_NAME,NOTE,HOLIDAY_TYPE) values ('20180301','삼일절','국가지정공휴일','HGC001');
Insert into TEST4.HOLIDAY_MGT (BASIC_DAY,HOLIDAY_NAME,NOTE,HOLIDAY_TYPE) values ('20180505','석가탄신일','국가지정공휴일','HGC001');
Insert into TEST4.HOLIDAY_MGT (BASIC_DAY,HOLIDAY_NAME,NOTE,HOLIDAY_TYPE) values ('20170505','어린이날','국가지정공휴일','HGC001');
Insert into TEST4.HOLIDAY_MGT (BASIC_DAY,HOLIDAY_NAME,NOTE,HOLIDAY_TYPE) values ('20180507','대체공휴일','국가지정공휴일','HGC001');
Insert into TEST4.HOLIDAY_MGT (BASIC_DAY,HOLIDAY_NAME,NOTE,HOLIDAY_TYPE) values ('20180522','석가탄신일','국가지정공휴일','HGC001');
Insert into TEST4.HOLIDAY_MGT (BASIC_DAY,HOLIDAY_NAME,NOTE,HOLIDAY_TYPE) values ('20180606','현충일','국가지정공휴일','HGC001');
Insert into TEST4.HOLIDAY_MGT (BASIC_DAY,HOLIDAY_NAME,NOTE,HOLIDAY_TYPE) values ('20180815','광복절','국가지정공휴일','HGC001');
Insert into TEST4.HOLIDAY_MGT (BASIC_DAY,HOLIDAY_NAME,NOTE,HOLIDAY_TYPE) values ('20180924','추석','국가지정공휴일','HGC001');
Insert into TEST4.HOLIDAY_MGT (BASIC_DAY,HOLIDAY_NAME,NOTE,HOLIDAY_TYPE) values ('20180925','추석','국가지정공휴일','HGC001');
Insert into TEST4.HOLIDAY_MGT (BASIC_DAY,HOLIDAY_NAME,NOTE,HOLIDAY_TYPE) values ('20180926','대체공휴일','국가지정공휴일','HGC001');
Insert into TEST4.HOLIDAY_MGT (BASIC_DAY,HOLIDAY_NAME,NOTE,HOLIDAY_TYPE) values ('20181003','개천절','국가지정공휴일','HGC001');
Insert into TEST4.HOLIDAY_MGT (BASIC_DAY,HOLIDAY_NAME,NOTE,HOLIDAY_TYPE) values ('20181009','한글날','국가지정공휴일','HGC001');
Insert into TEST4.HOLIDAY_MGT (BASIC_DAY,HOLIDAY_NAME,NOTE,HOLIDAY_TYPE) values ('20181225','크리스마스','국가지정공휴일','HGC001');
Insert into TEST4.HOLIDAY_MGT (BASIC_DAY,HOLIDAY_NAME,NOTE,HOLIDAY_TYPE) values ('20190101','신정','국가지정공휴일','HGC001');
Insert into TEST4.HOLIDAY_MGT (BASIC_DAY,HOLIDAY_NAME,NOTE,HOLIDAY_TYPE) values ('20190204','설날','국가지정공휴일','HGC001');
Insert into TEST4.HOLIDAY_MGT (BASIC_DAY,HOLIDAY_NAME,NOTE,HOLIDAY_TYPE) values ('20190205','설날','국가지정공휴일','HGC001');
Insert into TEST4.HOLIDAY_MGT (BASIC_DAY,HOLIDAY_NAME,NOTE,HOLIDAY_TYPE) values ('20190206','설날','국가지정공휴일','HGC001');
Insert into TEST4.HOLIDAY_MGT (BASIC_DAY,HOLIDAY_NAME,NOTE,HOLIDAY_TYPE) values ('20190301','삼일절','국가지정공휴일','HGC001');
Insert into TEST4.HOLIDAY_MGT (BASIC_DAY,HOLIDAY_NAME,NOTE,HOLIDAY_TYPE) values ('20190505','어린이날','국가지정공휴일','HGC001');
Insert into TEST4.HOLIDAY_MGT (BASIC_DAY,HOLIDAY_NAME,NOTE,HOLIDAY_TYPE) values ('20190506','대체공휴일','국가지정공휴일','HGC001');
Insert into TEST4.HOLIDAY_MGT (BASIC_DAY,HOLIDAY_NAME,NOTE,HOLIDAY_TYPE) values ('20190512','석가탄신일','국가지정공휴일','HGC001');
Insert into TEST4.HOLIDAY_MGT (BASIC_DAY,HOLIDAY_NAME,NOTE,HOLIDAY_TYPE) values ('20190606','현충일','국가지정공휴일','HGC001');
Insert into TEST4.HOLIDAY_MGT (BASIC_DAY,HOLIDAY_NAME,NOTE,HOLIDAY_TYPE) values ('20190815','광복절','국가지정공휴일','HGC001');
Insert into TEST4.HOLIDAY_MGT (BASIC_DAY,HOLIDAY_NAME,NOTE,HOLIDAY_TYPE) values ('20190912','추석','국가지정공휴일','HGC001');
Insert into TEST4.HOLIDAY_MGT (BASIC_DAY,HOLIDAY_NAME,NOTE,HOLIDAY_TYPE) values ('20190913','추석','국가지정공휴일','HGC001');
Insert into TEST4.HOLIDAY_MGT (BASIC_DAY,HOLIDAY_NAME,NOTE,HOLIDAY_TYPE) values ('20190914','추석','국가지정공휴일','HGC001');
Insert into TEST4.HOLIDAY_MGT (BASIC_DAY,HOLIDAY_NAME,NOTE,HOLIDAY_TYPE) values ('20191003','개천절','국가지정공휴일','HGC001');
Insert into TEST4.HOLIDAY_MGT (BASIC_DAY,HOLIDAY_NAME,NOTE,HOLIDAY_TYPE) values ('20191009','한글날','국가지정공휴일','HGC001');
Insert into TEST4.HOLIDAY_MGT (BASIC_DAY,HOLIDAY_NAME,NOTE,HOLIDAY_TYPE) values ('20191225','크리스마스','국가지정공휴일','HGC001');
REM INSERTING into TEST4.INCOME_TAX_MGT
SET DEFINE OFF;
Insert into TEST4.INCOME_TAX_MGT (INCOME_TAX_RATE,INPUTED_YEAR,LOW_SAL,HIGH_SAL,PROGRESSIVE_DEDUCTION) values ('6','2018','0','12000000','0');
Insert into TEST4.INCOME_TAX_MGT (INCOME_TAX_RATE,INPUTED_YEAR,LOW_SAL,HIGH_SAL,PROGRESSIVE_DEDUCTION) values ('15','2018','12000001','46000000','1080000');
Insert into TEST4.INCOME_TAX_MGT (INCOME_TAX_RATE,INPUTED_YEAR,LOW_SAL,HIGH_SAL,PROGRESSIVE_DEDUCTION) values ('24','2018','46000001','88000000','5220000');
Insert into TEST4.INCOME_TAX_MGT (INCOME_TAX_RATE,INPUTED_YEAR,LOW_SAL,HIGH_SAL,PROGRESSIVE_DEDUCTION) values ('35','2018','88000001','300000000','14900000');
Insert into TEST4.INCOME_TAX_MGT (INCOME_TAX_RATE,INPUTED_YEAR,LOW_SAL,HIGH_SAL,PROGRESSIVE_DEDUCTION) values ('38','2018','300000001','9999999999','23900000');
Insert into TEST4.INCOME_TAX_MGT (INCOME_TAX_RATE,INPUTED_YEAR,LOW_SAL,HIGH_SAL,PROGRESSIVE_DEDUCTION) values ('6','2019','0','12000000','0');
Insert into TEST4.INCOME_TAX_MGT (INCOME_TAX_RATE,INPUTED_YEAR,LOW_SAL,HIGH_SAL,PROGRESSIVE_DEDUCTION) values ('15','2019','12000001','46000000','1080000');
Insert into TEST4.INCOME_TAX_MGT (INCOME_TAX_RATE,INPUTED_YEAR,LOW_SAL,HIGH_SAL,PROGRESSIVE_DEDUCTION) values ('24','2019','46000001','88000000','5220000');
Insert into TEST4.INCOME_TAX_MGT (INCOME_TAX_RATE,INPUTED_YEAR,LOW_SAL,HIGH_SAL,PROGRESSIVE_DEDUCTION) values ('35','2019','88000001','300000000','14900000');
Insert into TEST4.INCOME_TAX_MGT (INCOME_TAX_RATE,INPUTED_YEAR,LOW_SAL,HIGH_SAL,PROGRESSIVE_DEDUCTION) values ('38','2019','300000001','9999999999','23900000');
REM INSERTING into TEST4.LICENSE_INFO
SET DEFINE OFF;
REM INSERTING into TEST4.MENU
SET DEFINE OFF;
Insert into TEST4.MENU (MENU_CODE,SUPER_MENU_CODE,MENU_NAME,MENU_URL,USING_STATUS) values ('GENR01',null,'근 태',null,'Y');
Insert into TEST4.MENU (MENU_CODE,SUPER_MENU_CODE,MENU_NAME,MENU_URL,USING_STATUS) values ('GENR0101','GENR01','일근태신청','HrAttendance::dailyAttendanceApplicationForm.xfdl','Y');
Insert into TEST4.MENU (MENU_CODE,SUPER_MENU_CODE,MENU_NAME,MENU_URL,USING_STATUS) values ('GENR0102','GENR01','근태외신청','HrAttendance::dailyAttdRestApplicationForm.xfdl','Y');
Insert into TEST4.MENU (MENU_CODE,SUPER_MENU_CODE,MENU_NAME,MENU_URL,USING_STATUS) values ('GENR0103','GENR01','휴가/연차신청','HrAttendance::annualApplicationForm.xfdl','Y');
Insert into TEST4.MENU (MENU_CODE,SUPER_MENU_CODE,MENU_NAME,MENU_URL,USING_STATUS) values ('GENR0104','GENR01','초과근무신청','HrAttendance::overNightApplicationForm.xfdl','Y');
Insert into TEST4.MENU (MENU_CODE,SUPER_MENU_CODE,MENU_NAME,MENU_URL,USING_STATUS) values ('SYS01',null,'시스템관리',null,'Y');
Insert into TEST4.MENU (MENU_CODE,SUPER_MENU_CODE,MENU_NAME,MENU_URL,USING_STATUS) values ('SYS0101','SYS01','회사등록정보','Base::companyRegistrationForm.xfdl','Y');
Insert into TEST4.MENU (MENU_CODE,SUPER_MENU_CODE,MENU_NAME,MENU_URL,USING_STATUS) values ('SYS010101','SYS0101','회사관리','Base::companyRegistrationForm.xfdl','Y');
Insert into TEST4.MENU (MENU_CODE,SUPER_MENU_CODE,MENU_NAME,MENU_URL,USING_STATUS) values ('SYS010102','SYS0101','사원/부서관리','Base::empAndDeptManagementForm.xfdl','Y');
Insert into TEST4.MENU (MENU_CODE,SUPER_MENU_CODE,MENU_NAME,MENU_URL,USING_STATUS) values ('SYS0102','SYS01','관리자항목',null,'Y');
Insert into TEST4.MENU (MENU_CODE,SUPER_MENU_CODE,MENU_NAME,MENU_URL,USING_STATUS) values ('SYS010201','SYS0102','기초코드관리','Base::codeManagementForm.xfdl','Y');
Insert into TEST4.MENU (MENU_CODE,SUPER_MENU_CODE,MENU_NAME,MENU_URL,USING_STATUS) values ('INSA01',null,'인사 / 급여관리',null,'Y');
Insert into TEST4.MENU (MENU_CODE,SUPER_MENU_CODE,MENU_NAME,MENU_URL,USING_STATUS) values ('INSA0101','INSA01','기초환경설정',null,'Y');
Insert into TEST4.MENU (MENU_CODE,SUPER_MENU_CODE,MENU_NAME,MENU_URL,USING_STATUS) values ('INSA010101','INSA0101','호봉테이블 관리','HrCircumstance::hobongManagementForm.xfdl','Y');
Insert into TEST4.MENU (MENU_CODE,SUPER_MENU_CODE,MENU_NAME,MENU_URL,USING_STATUS) values ('INSA010102','INSA0101','급/상여지급일자등록','HrCircumstance::payBonusDateForm.xfdl','Y');
Insert into TEST4.MENU (MENU_CODE,SUPER_MENU_CODE,MENU_NAME,MENU_URL,USING_STATUS) values ('INSA010103','INSA0101','지급공제항목등록','HrCircumstance::payDeductionItemForm.xfdl','Y');
Insert into TEST4.MENU (MENU_CODE,SUPER_MENU_CODE,MENU_NAME,MENU_URL,USING_STATUS) values ('INSA010104','INSA0101','사회보험환경등록','HrCircumstance::deductionTaxForm.xfdl','Y');
Insert into TEST4.MENU (MENU_CODE,SUPER_MENU_CODE,MENU_NAME,MENU_URL,USING_STATUS) values ('INSA010105','INSA0101','기본근무시간관리','HrCircumstance::basicWorktimeManagementForm.xfdl','Y');
Insert into TEST4.MENU (MENU_CODE,SUPER_MENU_CODE,MENU_NAME,MENU_URL,USING_STATUS) values ('INSA010106','INSA0101','휴일관리','HrCircumstance::holidayManagementForm.xfdl','Y');
Insert into TEST4.MENU (MENU_CODE,SUPER_MENU_CODE,MENU_NAME,MENU_URL,USING_STATUS) values ('INSA010107','INSA0101','휴가/연차관리','HrCircumstance::annualManagementForm.xfdl','Y');
Insert into TEST4.MENU (MENU_CODE,SUPER_MENU_CODE,MENU_NAME,MENU_URL,USING_STATUS) values ('INSA0102','INSA01','인사관리',null,'Y');
Insert into TEST4.MENU (MENU_CODE,SUPER_MENU_CODE,MENU_NAME,MENU_URL,USING_STATUS) values ('INSA010201','INSA0102','인사정보등록','HrPm::basicRegistrationForm.xfdl','Y');
Insert into TEST4.MENU (MENU_CODE,SUPER_MENU_CODE,MENU_NAME,MENU_URL,USING_STATUS) values ('INSA010202','INSA0102','인사기록카드','HrPm::detailRegistrationForm.xfdl','Y');
Insert into TEST4.MENU (MENU_CODE,SUPER_MENU_CODE,MENU_NAME,MENU_URL,USING_STATUS) values ('INSA0103','INSA01','근태관리',null,'Y');
Insert into TEST4.MENU (MENU_CODE,SUPER_MENU_CODE,MENU_NAME,MENU_URL,USING_STATUS) values ('INSA010301','INSA0103','일일근태관리','HrAttendance::dailyAttdManagementForm.xfdl','Y');
Insert into TEST4.MENU (MENU_CODE,SUPER_MENU_CODE,MENU_NAME,MENU_URL,USING_STATUS) values ('INSA010302','INSA0103','월간근태관리','HrAttendance::monthlyAttdApplicationForm.xfdl','Y');
Insert into TEST4.MENU (MENU_CODE,SUPER_MENU_CODE,MENU_NAME,MENU_URL,USING_STATUS) values ('INSA010303','INSA0103','근태승인관리','HrAttendance::attendanceApprovalManagement.xfdl','Y');
Insert into TEST4.MENU (MENU_CODE,SUPER_MENU_CODE,MENU_NAME,MENU_URL,USING_STATUS) values ('INSA0104','INSA01','급여관리',null,'Y');
Insert into TEST4.MENU (MENU_CODE,SUPER_MENU_CODE,MENU_NAME,MENU_URL,USING_STATUS) values ('INSA010401','INSA0104','상용직급여입력및계산','HrPay::payInputCalculationForm.xfdl','Y');
Insert into TEST4.MENU (MENU_CODE,SUPER_MENU_CODE,MENU_NAME,MENU_URL,USING_STATUS) values ('INSA010402','INSA0104','수당관리','HrPay::salaryManagementForm.xfdl','Y');
REM INSERTING into TEST4.MENU_AUTHORITY
SET DEFINE OFF;
Insert into TEST4.MENU_AUTHORITY (MENU_CODE,AUTHORITY_CODE,MENU_NAME,AUTHORITY_NAME) values ('GENR01','SYSTEM','근 태','시스템관리자');
Insert into TEST4.MENU_AUTHORITY (MENU_CODE,AUTHORITY_CODE,MENU_NAME,AUTHORITY_NAME) values ('GENR0101','SYSTEM','일근태신청','시스템관리자');
Insert into TEST4.MENU_AUTHORITY (MENU_CODE,AUTHORITY_CODE,MENU_NAME,AUTHORITY_NAME) values ('GENR0102','SYSTEM','근태외신청','시스템관리자');
Insert into TEST4.MENU_AUTHORITY (MENU_CODE,AUTHORITY_CODE,MENU_NAME,AUTHORITY_NAME) values ('GENR0103','SYSTEM','휴가/연차신청','시스템관리자');
Insert into TEST4.MENU_AUTHORITY (MENU_CODE,AUTHORITY_CODE,MENU_NAME,AUTHORITY_NAME) values ('GENR0104','SYSTEM','초과근무신청','시스템관리자');
Insert into TEST4.MENU_AUTHORITY (MENU_CODE,AUTHORITY_CODE,MENU_NAME,AUTHORITY_NAME) values ('SYS01','SYSTEM','시스템관리','시스템관리자');
Insert into TEST4.MENU_AUTHORITY (MENU_CODE,AUTHORITY_CODE,MENU_NAME,AUTHORITY_NAME) values ('SYS0101','SYSTEM','회사등록정보','시스템관리자');
Insert into TEST4.MENU_AUTHORITY (MENU_CODE,AUTHORITY_CODE,MENU_NAME,AUTHORITY_NAME) values ('SYS010101','SYSTEM','회사관리','시스템관리자');
Insert into TEST4.MENU_AUTHORITY (MENU_CODE,AUTHORITY_CODE,MENU_NAME,AUTHORITY_NAME) values ('SYS010102','SYSTEM','사원/부서관리','시스템관리자');
Insert into TEST4.MENU_AUTHORITY (MENU_CODE,AUTHORITY_CODE,MENU_NAME,AUTHORITY_NAME) values ('SYS0102','SYSTEM','관리자항목','시스템관리자');
Insert into TEST4.MENU_AUTHORITY (MENU_CODE,AUTHORITY_CODE,MENU_NAME,AUTHORITY_NAME) values ('SYS010201','SYSTEM','기초코드관리','시스템관리자');
Insert into TEST4.MENU_AUTHORITY (MENU_CODE,AUTHORITY_CODE,MENU_NAME,AUTHORITY_NAME) values ('SYS010202','SYSTEM','사용자권한관리','시스템관리자');
Insert into TEST4.MENU_AUTHORITY (MENU_CODE,AUTHORITY_CODE,MENU_NAME,AUTHORITY_NAME) values ('INSA01','SYSTEM','인사 / 급여관리','시스템관리자');
Insert into TEST4.MENU_AUTHORITY (MENU_CODE,AUTHORITY_CODE,MENU_NAME,AUTHORITY_NAME) values ('INSA0101','SYSTEM','기초환경설정','시스템관리자');
Insert into TEST4.MENU_AUTHORITY (MENU_CODE,AUTHORITY_CODE,MENU_NAME,AUTHORITY_NAME) values ('INSA010101','SYSTEM','호봉테이블 관리','시스템관리자');
Insert into TEST4.MENU_AUTHORITY (MENU_CODE,AUTHORITY_CODE,MENU_NAME,AUTHORITY_NAME) values ('INSA010102','SYSTEM','급/상여지급일자등록','시스템관리자');
Insert into TEST4.MENU_AUTHORITY (MENU_CODE,AUTHORITY_CODE,MENU_NAME,AUTHORITY_NAME) values ('INSA010103','SYSTEM','지급공제항목등록','시스템관리자');
Insert into TEST4.MENU_AUTHORITY (MENU_CODE,AUTHORITY_CODE,MENU_NAME,AUTHORITY_NAME) values ('INSA010104','SYSTEM','사회보험환경등록','시스템관리자');
Insert into TEST4.MENU_AUTHORITY (MENU_CODE,AUTHORITY_CODE,MENU_NAME,AUTHORITY_NAME) values ('INSA010105','SYSTEM','기본근무시간관리','시스템관리자');
Insert into TEST4.MENU_AUTHORITY (MENU_CODE,AUTHORITY_CODE,MENU_NAME,AUTHORITY_NAME) values ('INSA010106','SYSTEM','휴일관리','시스템관리자');
Insert into TEST4.MENU_AUTHORITY (MENU_CODE,AUTHORITY_CODE,MENU_NAME,AUTHORITY_NAME) values ('INSA010107','SYSTEM','휴가/연차관리','시스템관리자');
Insert into TEST4.MENU_AUTHORITY (MENU_CODE,AUTHORITY_CODE,MENU_NAME,AUTHORITY_NAME) values ('INSA0102','SYSTEM','인사관리','시스템관리자');
Insert into TEST4.MENU_AUTHORITY (MENU_CODE,AUTHORITY_CODE,MENU_NAME,AUTHORITY_NAME) values ('INSA010201','SYSTEM','인사정보등록','시스템관리자');
Insert into TEST4.MENU_AUTHORITY (MENU_CODE,AUTHORITY_CODE,MENU_NAME,AUTHORITY_NAME) values ('INSA010202','SYSTEM','인사기록카드','시스템관리자');
Insert into TEST4.MENU_AUTHORITY (MENU_CODE,AUTHORITY_CODE,MENU_NAME,AUTHORITY_NAME) values ('INSA0103','SYSTEM','근태관리','시스템관리자');
Insert into TEST4.MENU_AUTHORITY (MENU_CODE,AUTHORITY_CODE,MENU_NAME,AUTHORITY_NAME) values ('INSA010301','SYSTEM','일일근태관리','시스템관리자');
Insert into TEST4.MENU_AUTHORITY (MENU_CODE,AUTHORITY_CODE,MENU_NAME,AUTHORITY_NAME) values ('INSA010302','SYSTEM','월간근태관리','시스템관리자');
Insert into TEST4.MENU_AUTHORITY (MENU_CODE,AUTHORITY_CODE,MENU_NAME,AUTHORITY_NAME) values ('INSA010303','SYSTEM','근태승인관리','시스템관리자');
Insert into TEST4.MENU_AUTHORITY (MENU_CODE,AUTHORITY_CODE,MENU_NAME,AUTHORITY_NAME) values ('INSA0104','SYSTEM','급여관리','시스템관리자');
Insert into TEST4.MENU_AUTHORITY (MENU_CODE,AUTHORITY_CODE,MENU_NAME,AUTHORITY_NAME) values ('INSA010401','SYSTEM','상용직급여입력및계산','시스템관리자');
Insert into TEST4.MENU_AUTHORITY (MENU_CODE,AUTHORITY_CODE,MENU_NAME,AUTHORITY_NAME) values ('INSA010402','SYSTEM','수당관리','시스템관리자');
Insert into TEST4.MENU_AUTHORITY (MENU_CODE,AUTHORITY_CODE,MENU_NAME,AUTHORITY_NAME) values ('GENR01','HR','근 태','인사담당자');
Insert into TEST4.MENU_AUTHORITY (MENU_CODE,AUTHORITY_CODE,MENU_NAME,AUTHORITY_NAME) values ('GENR0101','HR','일근태신청','인사담당자');
Insert into TEST4.MENU_AUTHORITY (MENU_CODE,AUTHORITY_CODE,MENU_NAME,AUTHORITY_NAME) values ('GENR0102','HR','근태외신청','인사담당자');
Insert into TEST4.MENU_AUTHORITY (MENU_CODE,AUTHORITY_CODE,MENU_NAME,AUTHORITY_NAME) values ('GENR0103','HR','휴가/연차신청','인사담당자');
Insert into TEST4.MENU_AUTHORITY (MENU_CODE,AUTHORITY_CODE,MENU_NAME,AUTHORITY_NAME) values ('GENR0104','HR','초과근무신청','인사담당자');
Insert into TEST4.MENU_AUTHORITY (MENU_CODE,AUTHORITY_CODE,MENU_NAME,AUTHORITY_NAME) values ('INSA01','HR','인사 / 급여관리','인사담당자');
Insert into TEST4.MENU_AUTHORITY (MENU_CODE,AUTHORITY_CODE,MENU_NAME,AUTHORITY_NAME) values ('INSA0101','HR','기초환경설정','인사담당자');
Insert into TEST4.MENU_AUTHORITY (MENU_CODE,AUTHORITY_CODE,MENU_NAME,AUTHORITY_NAME) values ('INSA010101','HR','호봉테이블 관리','인사담당자');
Insert into TEST4.MENU_AUTHORITY (MENU_CODE,AUTHORITY_CODE,MENU_NAME,AUTHORITY_NAME) values ('INSA010102','HR','급/상여지급일자등록','인사담당자');
Insert into TEST4.MENU_AUTHORITY (MENU_CODE,AUTHORITY_CODE,MENU_NAME,AUTHORITY_NAME) values ('INSA010103','HR','지급공제항목등록','인사담당자');
Insert into TEST4.MENU_AUTHORITY (MENU_CODE,AUTHORITY_CODE,MENU_NAME,AUTHORITY_NAME) values ('INSA010104','HR','사회보험환경등록','인사담당자');
Insert into TEST4.MENU_AUTHORITY (MENU_CODE,AUTHORITY_CODE,MENU_NAME,AUTHORITY_NAME) values ('INSA010105','HR','기본근무시간관리','인사담당자');
Insert into TEST4.MENU_AUTHORITY (MENU_CODE,AUTHORITY_CODE,MENU_NAME,AUTHORITY_NAME) values ('INSA010106','HR','휴일관리','인사담당자');
Insert into TEST4.MENU_AUTHORITY (MENU_CODE,AUTHORITY_CODE,MENU_NAME,AUTHORITY_NAME) values ('INSA010107','HR','휴가/연차관리','인사담당자');
Insert into TEST4.MENU_AUTHORITY (MENU_CODE,AUTHORITY_CODE,MENU_NAME,AUTHORITY_NAME) values ('INSA0102','HR','인사관리','인사담당자');
Insert into TEST4.MENU_AUTHORITY (MENU_CODE,AUTHORITY_CODE,MENU_NAME,AUTHORITY_NAME) values ('INSA010201','HR','인사정보등록','인사담당자');
Insert into TEST4.MENU_AUTHORITY (MENU_CODE,AUTHORITY_CODE,MENU_NAME,AUTHORITY_NAME) values ('INSA010202','HR','인사기록카드','인사담당자');
Insert into TEST4.MENU_AUTHORITY (MENU_CODE,AUTHORITY_CODE,MENU_NAME,AUTHORITY_NAME) values ('INSA0103','HR','근태관리','인사담당자');
Insert into TEST4.MENU_AUTHORITY (MENU_CODE,AUTHORITY_CODE,MENU_NAME,AUTHORITY_NAME) values ('INSA010301','HR','일일근태관리','인사담당자');
Insert into TEST4.MENU_AUTHORITY (MENU_CODE,AUTHORITY_CODE,MENU_NAME,AUTHORITY_NAME) values ('INSA010302','HR','월간근태관리','인사담당자');
Insert into TEST4.MENU_AUTHORITY (MENU_CODE,AUTHORITY_CODE,MENU_NAME,AUTHORITY_NAME) values ('INSA010303','HR','근태승인관리','인사담당자');
Insert into TEST4.MENU_AUTHORITY (MENU_CODE,AUTHORITY_CODE,MENU_NAME,AUTHORITY_NAME) values ('INSA0104','HR','급여관리','인사담당자');
Insert into TEST4.MENU_AUTHORITY (MENU_CODE,AUTHORITY_CODE,MENU_NAME,AUTHORITY_NAME) values ('INSA010401','HR','상용직급여입력및계산','인사담당자');
Insert into TEST4.MENU_AUTHORITY (MENU_CODE,AUTHORITY_CODE,MENU_NAME,AUTHORITY_NAME) values ('INSA010402','HR','수당관리','인사담당자');
Insert into TEST4.MENU_AUTHORITY (MENU_CODE,AUTHORITY_CODE,MENU_NAME,AUTHORITY_NAME) values ('GENR01','ACCOUNT','근 태','회계담당자');
Insert into TEST4.MENU_AUTHORITY (MENU_CODE,AUTHORITY_CODE,MENU_NAME,AUTHORITY_NAME) values ('GENR0101','ACCOUNT','일근태신청','회계담당자');
Insert into TEST4.MENU_AUTHORITY (MENU_CODE,AUTHORITY_CODE,MENU_NAME,AUTHORITY_NAME) values ('GENR0102','ACCOUNT','근태외신청','회계담당자');
Insert into TEST4.MENU_AUTHORITY (MENU_CODE,AUTHORITY_CODE,MENU_NAME,AUTHORITY_NAME) values ('GENR0103','ACCOUNT','휴가/연차신청','회계담당자');
Insert into TEST4.MENU_AUTHORITY (MENU_CODE,AUTHORITY_CODE,MENU_NAME,AUTHORITY_NAME) values ('GENR0104','ACCOUNT','초과근무신청','회계담당자');
Insert into TEST4.MENU_AUTHORITY (MENU_CODE,AUTHORITY_CODE,MENU_NAME,AUTHORITY_NAME) values ('GENR0104','GENERAL','초과근무신청','일반사용자');
Insert into TEST4.MENU_AUTHORITY (MENU_CODE,AUTHORITY_CODE,MENU_NAME,AUTHORITY_NAME) values ('GENR0103','GENERAL','휴가/연차신청','일반사용자');
Insert into TEST4.MENU_AUTHORITY (MENU_CODE,AUTHORITY_CODE,MENU_NAME,AUTHORITY_NAME) values ('GENR0102','GENERAL','근태외신청','일반사용자');
Insert into TEST4.MENU_AUTHORITY (MENU_CODE,AUTHORITY_CODE,MENU_NAME,AUTHORITY_NAME) values ('GENR0101','GENERAL','일근태신청','일반사용자');
Insert into TEST4.MENU_AUTHORITY (MENU_CODE,AUTHORITY_CODE,MENU_NAME,AUTHORITY_NAME) values ('GENR01','GENERAL','근 태','일반사용자');
REM INSERTING into TEST4.MONTH_ATTD_MGT
SET DEFINE OFF;
Insert into TEST4.MONTH_ATTD_MGT (BASIC_YEAR_MONTH,EMP_CODE,BASIC_WORK_HOUR,WORK_HOUR,OVER_WORK_HOUR,NIGHT_WORK_HOUR,BASIC_WORK_DAYS,WEEKDAY_WORK,HOLIDAY_WORK_DAYS,HOLIDAY_WORK_HOUR,HOLIDAY_OVER_WORK_HOUR,HOLIDAY_NIGHT_WORK_HOUR,ABSENT_DAYS,LATE_DAYS,LATE_HOUR,LEAVE_EARLY_DAYS,LEAVE_DAYS,CLOSE_YN,ATTD_REST_DAYS) values ('201901','1001','176','7','0','0','22','1','0',null,null,null,'0','1','1','0','0','Y','0');
Insert into TEST4.MONTH_ATTD_MGT (BASIC_YEAR_MONTH,EMP_CODE,BASIC_WORK_HOUR,WORK_HOUR,OVER_WORK_HOUR,NIGHT_WORK_HOUR,BASIC_WORK_DAYS,WEEKDAY_WORK,HOLIDAY_WORK_DAYS,HOLIDAY_WORK_HOUR,HOLIDAY_OVER_WORK_HOUR,HOLIDAY_NIGHT_WORK_HOUR,ABSENT_DAYS,LATE_DAYS,LATE_HOUR,LEAVE_EARLY_DAYS,LEAVE_DAYS,CLOSE_YN,ATTD_REST_DAYS) values ('201901','1002','176','0','0','0','22','0','0',null,null,null,'1','0','0','0','0','Y','0');
Insert into TEST4.MONTH_ATTD_MGT (BASIC_YEAR_MONTH,EMP_CODE,BASIC_WORK_HOUR,WORK_HOUR,OVER_WORK_HOUR,NIGHT_WORK_HOUR,BASIC_WORK_DAYS,WEEKDAY_WORK,HOLIDAY_WORK_DAYS,HOLIDAY_WORK_HOUR,HOLIDAY_OVER_WORK_HOUR,HOLIDAY_NIGHT_WORK_HOUR,ABSENT_DAYS,LATE_DAYS,LATE_HOUR,LEAVE_EARLY_DAYS,LEAVE_DAYS,CLOSE_YN,ATTD_REST_DAYS) values ('201901','1003','176','0','0','0','22','0','0',null,null,null,'1','0','0','0','0','Y','0');
Insert into TEST4.MONTH_ATTD_MGT (BASIC_YEAR_MONTH,EMP_CODE,BASIC_WORK_HOUR,WORK_HOUR,OVER_WORK_HOUR,NIGHT_WORK_HOUR,BASIC_WORK_DAYS,WEEKDAY_WORK,HOLIDAY_WORK_DAYS,HOLIDAY_WORK_HOUR,HOLIDAY_OVER_WORK_HOUR,HOLIDAY_NIGHT_WORK_HOUR,ABSENT_DAYS,LATE_DAYS,LATE_HOUR,LEAVE_EARLY_DAYS,LEAVE_DAYS,CLOSE_YN,ATTD_REST_DAYS) values ('201901','1004','176','0','0','0','22','0','0',null,null,null,'1','0','0','0','0','Y','0');
Insert into TEST4.MONTH_ATTD_MGT (BASIC_YEAR_MONTH,EMP_CODE,BASIC_WORK_HOUR,WORK_HOUR,OVER_WORK_HOUR,NIGHT_WORK_HOUR,BASIC_WORK_DAYS,WEEKDAY_WORK,HOLIDAY_WORK_DAYS,HOLIDAY_WORK_HOUR,HOLIDAY_OVER_WORK_HOUR,HOLIDAY_NIGHT_WORK_HOUR,ABSENT_DAYS,LATE_DAYS,LATE_HOUR,LEAVE_EARLY_DAYS,LEAVE_DAYS,CLOSE_YN,ATTD_REST_DAYS) values ('201901','1005','176','0','0','0','22','0','0',null,null,null,'1','0','0','0','0','Y','0');
REM INSERTING into TEST4.OVERTIME_SAL
SET DEFINE OFF;
Insert into TEST4.OVERTIME_SAL (OVERTIME_SAL_CODE,OVERTIME_SAL_NAME,OVERTIME_SAL_RATE) values ('OVS001','평일연장수당','0.5');
Insert into TEST4.OVERTIME_SAL (OVERTIME_SAL_CODE,OVERTIME_SAL_NAME,OVERTIME_SAL_RATE) values ('OVS002','평일야간수당','1.0');
Insert into TEST4.OVERTIME_SAL (OVERTIME_SAL_CODE,OVERTIME_SAL_NAME,OVERTIME_SAL_RATE) values ('HOVS001','휴일연장수당','1.0');
Insert into TEST4.OVERTIME_SAL (OVERTIME_SAL_CODE,OVERTIME_SAL_NAME,OVERTIME_SAL_RATE) values ('HOVS002','휴일야간수당','1.5');
Insert into TEST4.OVERTIME_SAL (OVERTIME_SAL_CODE,OVERTIME_SAL_NAME,OVERTIME_SAL_RATE) values ('SA001','특근수당','0.5');
REM INSERTING into TEST4.OVER_NIGHT_TIME_MGT
SET DEFINE OFF;
REM INSERTING into TEST4.PAY_DEDUCTION
SET DEFINE OFF;
Insert into TEST4.PAY_DEDUCTION (PAY_DEDUCTION_SEQ,EMP_CODE,PAYMENT_DATE,PRICE,PAY_DEDUCTION_ITEM_CODE,PAY_DEDUCTION_ITEM_NAME) values ('1','1001','20190120','5000000','P-10','기본금');
Insert into TEST4.PAY_DEDUCTION (PAY_DEDUCTION_SEQ,EMP_CODE,PAYMENT_DATE,PRICE,PAY_DEDUCTION_ITEM_CODE,PAY_DEDUCTION_ITEM_NAME) values ('2','1001','20190120','0','P-40','야간근무수당');
Insert into TEST4.PAY_DEDUCTION (PAY_DEDUCTION_SEQ,EMP_CODE,PAYMENT_DATE,PRICE,PAY_DEDUCTION_ITEM_CODE,PAY_DEDUCTION_ITEM_NAME) values ('3','1001','20190120','0','P-90','출장수당');
Insert into TEST4.PAY_DEDUCTION (PAY_DEDUCTION_SEQ,EMP_CODE,PAYMENT_DATE,PRICE,PAY_DEDUCTION_ITEM_CODE,PAY_DEDUCTION_ITEM_NAME) values ('4','1001','20190120','0','P-100','자기계발지원금');
Insert into TEST4.PAY_DEDUCTION (PAY_DEDUCTION_SEQ,EMP_CODE,PAYMENT_DATE,PRICE,PAY_DEDUCTION_ITEM_CODE,PAY_DEDUCTION_ITEM_NAME) values ('5','1001','20190120','0','P-110','상여금');
Insert into TEST4.PAY_DEDUCTION (PAY_DEDUCTION_SEQ,EMP_CODE,PAYMENT_DATE,PRICE,PAY_DEDUCTION_ITEM_CODE,PAY_DEDUCTION_ITEM_NAME) values ('6','1001','20190120','225000','P-120','국민연금');
Insert into TEST4.PAY_DEDUCTION (PAY_DEDUCTION_SEQ,EMP_CODE,PAYMENT_DATE,PRICE,PAY_DEDUCTION_ITEM_CODE,PAY_DEDUCTION_ITEM_NAME) values ('7','1001','20190120','5800','P-130','장기요양보험');
Insert into TEST4.PAY_DEDUCTION (PAY_DEDUCTION_SEQ,EMP_CODE,PAYMENT_DATE,PRICE,PAY_DEDUCTION_ITEM_CODE,PAY_DEDUCTION_ITEM_NAME) values ('8','1001','20190120','156000','P-140','건강보험');
Insert into TEST4.PAY_DEDUCTION (PAY_DEDUCTION_SEQ,EMP_CODE,PAYMENT_DATE,PRICE,PAY_DEDUCTION_ITEM_CODE,PAY_DEDUCTION_ITEM_NAME) values ('9','1001','20190120','32500','P-150','고용보험');
Insert into TEST4.PAY_DEDUCTION (PAY_DEDUCTION_SEQ,EMP_CODE,PAYMENT_DATE,PRICE,PAY_DEDUCTION_ITEM_CODE,PAY_DEDUCTION_ITEM_NAME) values ('10','1001','20190120','165000','P-160','소득세');
Insert into TEST4.PAY_DEDUCTION (PAY_DEDUCTION_SEQ,EMP_CODE,PAYMENT_DATE,PRICE,PAY_DEDUCTION_ITEM_CODE,PAY_DEDUCTION_ITEM_NAME) values ('11','1001','20190120','16500','P-170','지방소득세');
Insert into TEST4.PAY_DEDUCTION (PAY_DEDUCTION_SEQ,EMP_CODE,PAYMENT_DATE,PRICE,PAY_DEDUCTION_ITEM_CODE,PAY_DEDUCTION_ITEM_NAME) values ('12','1001','20190120','0','P-20','연장근무수당');
Insert into TEST4.PAY_DEDUCTION (PAY_DEDUCTION_SEQ,EMP_CODE,PAYMENT_DATE,PRICE,PAY_DEDUCTION_ITEM_CODE,PAY_DEDUCTION_ITEM_NAME) values ('13','1001','20190120',null,'P-30','휴일근무수당');
Insert into TEST4.PAY_DEDUCTION (PAY_DEDUCTION_SEQ,EMP_CODE,PAYMENT_DATE,PRICE,PAY_DEDUCTION_ITEM_CODE,PAY_DEDUCTION_ITEM_NAME) values ('14','1001','20190120','0','P-50','식비');
Insert into TEST4.PAY_DEDUCTION (PAY_DEDUCTION_SEQ,EMP_CODE,PAYMENT_DATE,PRICE,PAY_DEDUCTION_ITEM_CODE,PAY_DEDUCTION_ITEM_NAME) values ('15','1001','20190120','0','P-60','유류비');
Insert into TEST4.PAY_DEDUCTION (PAY_DEDUCTION_SEQ,EMP_CODE,PAYMENT_DATE,PRICE,PAY_DEDUCTION_ITEM_CODE,PAY_DEDUCTION_ITEM_NAME) values ('16','1002','20190120','4064400','P-10','기본금');
Insert into TEST4.PAY_DEDUCTION (PAY_DEDUCTION_SEQ,EMP_CODE,PAYMENT_DATE,PRICE,PAY_DEDUCTION_ITEM_CODE,PAY_DEDUCTION_ITEM_NAME) values ('17','1002','20190120','0','P-40','야간근무수당');
Insert into TEST4.PAY_DEDUCTION (PAY_DEDUCTION_SEQ,EMP_CODE,PAYMENT_DATE,PRICE,PAY_DEDUCTION_ITEM_CODE,PAY_DEDUCTION_ITEM_NAME) values ('18','1002','20190120','0','P-90','출장수당');
Insert into TEST4.PAY_DEDUCTION (PAY_DEDUCTION_SEQ,EMP_CODE,PAYMENT_DATE,PRICE,PAY_DEDUCTION_ITEM_CODE,PAY_DEDUCTION_ITEM_NAME) values ('19','1002','20190120','0','P-100','자기계발지원금');
Insert into TEST4.PAY_DEDUCTION (PAY_DEDUCTION_SEQ,EMP_CODE,PAYMENT_DATE,PRICE,PAY_DEDUCTION_ITEM_CODE,PAY_DEDUCTION_ITEM_NAME) values ('20','1002','20190120','0','P-110','상여금');
Insert into TEST4.PAY_DEDUCTION (PAY_DEDUCTION_SEQ,EMP_CODE,PAYMENT_DATE,PRICE,PAY_DEDUCTION_ITEM_CODE,PAY_DEDUCTION_ITEM_NAME) values ('21','1002','20190120','182900','P-120','국민연금');
Insert into TEST4.PAY_DEDUCTION (PAY_DEDUCTION_SEQ,EMP_CODE,PAYMENT_DATE,PRICE,PAY_DEDUCTION_ITEM_CODE,PAY_DEDUCTION_ITEM_NAME) values ('22','1002','20190120','4700','P-130','장기요양보험');
Insert into TEST4.PAY_DEDUCTION (PAY_DEDUCTION_SEQ,EMP_CODE,PAYMENT_DATE,PRICE,PAY_DEDUCTION_ITEM_CODE,PAY_DEDUCTION_ITEM_NAME) values ('23','1002','20190120','126800','P-140','건강보험');
Insert into TEST4.PAY_DEDUCTION (PAY_DEDUCTION_SEQ,EMP_CODE,PAYMENT_DATE,PRICE,PAY_DEDUCTION_ITEM_CODE,PAY_DEDUCTION_ITEM_NAME) values ('24','1002','20190120','26400','P-150','고용보험');
Insert into TEST4.PAY_DEDUCTION (PAY_DEDUCTION_SEQ,EMP_CODE,PAYMENT_DATE,PRICE,PAY_DEDUCTION_ITEM_CODE,PAY_DEDUCTION_ITEM_NAME) values ('25','1002','20190120','134100','P-160','소득세');
Insert into TEST4.PAY_DEDUCTION (PAY_DEDUCTION_SEQ,EMP_CODE,PAYMENT_DATE,PRICE,PAY_DEDUCTION_ITEM_CODE,PAY_DEDUCTION_ITEM_NAME) values ('26','1002','20190120','13400','P-170','지방소득세');
Insert into TEST4.PAY_DEDUCTION (PAY_DEDUCTION_SEQ,EMP_CODE,PAYMENT_DATE,PRICE,PAY_DEDUCTION_ITEM_CODE,PAY_DEDUCTION_ITEM_NAME) values ('27','1002','20190120','0','P-20','연장근무수당');
Insert into TEST4.PAY_DEDUCTION (PAY_DEDUCTION_SEQ,EMP_CODE,PAYMENT_DATE,PRICE,PAY_DEDUCTION_ITEM_CODE,PAY_DEDUCTION_ITEM_NAME) values ('28','1002','20190120',null,'P-30','휴일근무수당');
Insert into TEST4.PAY_DEDUCTION (PAY_DEDUCTION_SEQ,EMP_CODE,PAYMENT_DATE,PRICE,PAY_DEDUCTION_ITEM_CODE,PAY_DEDUCTION_ITEM_NAME) values ('29','1002','20190120','0','P-50','식비');
Insert into TEST4.PAY_DEDUCTION (PAY_DEDUCTION_SEQ,EMP_CODE,PAYMENT_DATE,PRICE,PAY_DEDUCTION_ITEM_CODE,PAY_DEDUCTION_ITEM_NAME) values ('30','1002','20190120','0','P-60','유류비');
Insert into TEST4.PAY_DEDUCTION (PAY_DEDUCTION_SEQ,EMP_CODE,PAYMENT_DATE,PRICE,PAY_DEDUCTION_ITEM_CODE,PAY_DEDUCTION_ITEM_NAME) values ('31','1003','20190120','2811800','P-10','기본금');
Insert into TEST4.PAY_DEDUCTION (PAY_DEDUCTION_SEQ,EMP_CODE,PAYMENT_DATE,PRICE,PAY_DEDUCTION_ITEM_CODE,PAY_DEDUCTION_ITEM_NAME) values ('32','1003','20190120','0','P-40','야간근무수당');
Insert into TEST4.PAY_DEDUCTION (PAY_DEDUCTION_SEQ,EMP_CODE,PAYMENT_DATE,PRICE,PAY_DEDUCTION_ITEM_CODE,PAY_DEDUCTION_ITEM_NAME) values ('33','1003','20190120','0','P-90','출장수당');
Insert into TEST4.PAY_DEDUCTION (PAY_DEDUCTION_SEQ,EMP_CODE,PAYMENT_DATE,PRICE,PAY_DEDUCTION_ITEM_CODE,PAY_DEDUCTION_ITEM_NAME) values ('34','1003','20190120','0','P-100','자기계발지원금');
Insert into TEST4.PAY_DEDUCTION (PAY_DEDUCTION_SEQ,EMP_CODE,PAYMENT_DATE,PRICE,PAY_DEDUCTION_ITEM_CODE,PAY_DEDUCTION_ITEM_NAME) values ('35','1003','20190120','0','P-110','상여금');
Insert into TEST4.PAY_DEDUCTION (PAY_DEDUCTION_SEQ,EMP_CODE,PAYMENT_DATE,PRICE,PAY_DEDUCTION_ITEM_CODE,PAY_DEDUCTION_ITEM_NAME) values ('36','1003','20190120','126500','P-120','국민연금');
Insert into TEST4.PAY_DEDUCTION (PAY_DEDUCTION_SEQ,EMP_CODE,PAYMENT_DATE,PRICE,PAY_DEDUCTION_ITEM_CODE,PAY_DEDUCTION_ITEM_NAME) values ('37','1003','20190120','3200','P-130','장기요양보험');
Insert into TEST4.PAY_DEDUCTION (PAY_DEDUCTION_SEQ,EMP_CODE,PAYMENT_DATE,PRICE,PAY_DEDUCTION_ITEM_CODE,PAY_DEDUCTION_ITEM_NAME) values ('38','1003','20190120','87700','P-140','건강보험');
Insert into TEST4.PAY_DEDUCTION (PAY_DEDUCTION_SEQ,EMP_CODE,PAYMENT_DATE,PRICE,PAY_DEDUCTION_ITEM_CODE,PAY_DEDUCTION_ITEM_NAME) values ('39','1003','20190120','18300','P-150','고용보험');
Insert into TEST4.PAY_DEDUCTION (PAY_DEDUCTION_SEQ,EMP_CODE,PAYMENT_DATE,PRICE,PAY_DEDUCTION_ITEM_CODE,PAY_DEDUCTION_ITEM_NAME) values ('40','1003','20190120','92800','P-160','소득세');
Insert into TEST4.PAY_DEDUCTION (PAY_DEDUCTION_SEQ,EMP_CODE,PAYMENT_DATE,PRICE,PAY_DEDUCTION_ITEM_CODE,PAY_DEDUCTION_ITEM_NAME) values ('41','1003','20190120','9300','P-170','지방소득세');
Insert into TEST4.PAY_DEDUCTION (PAY_DEDUCTION_SEQ,EMP_CODE,PAYMENT_DATE,PRICE,PAY_DEDUCTION_ITEM_CODE,PAY_DEDUCTION_ITEM_NAME) values ('42','1003','20190120','0','P-20','연장근무수당');
Insert into TEST4.PAY_DEDUCTION (PAY_DEDUCTION_SEQ,EMP_CODE,PAYMENT_DATE,PRICE,PAY_DEDUCTION_ITEM_CODE,PAY_DEDUCTION_ITEM_NAME) values ('43','1003','20190120',null,'P-30','휴일근무수당');
Insert into TEST4.PAY_DEDUCTION (PAY_DEDUCTION_SEQ,EMP_CODE,PAYMENT_DATE,PRICE,PAY_DEDUCTION_ITEM_CODE,PAY_DEDUCTION_ITEM_NAME) values ('44','1003','20190120','0','P-50','식비');
Insert into TEST4.PAY_DEDUCTION (PAY_DEDUCTION_SEQ,EMP_CODE,PAYMENT_DATE,PRICE,PAY_DEDUCTION_ITEM_CODE,PAY_DEDUCTION_ITEM_NAME) values ('45','1003','20190120','0','P-60','유류비');
Insert into TEST4.PAY_DEDUCTION (PAY_DEDUCTION_SEQ,EMP_CODE,PAYMENT_DATE,PRICE,PAY_DEDUCTION_ITEM_CODE,PAY_DEDUCTION_ITEM_NAME) values ('46','1004','20190120','1813900','P-10','기본금');
Insert into TEST4.PAY_DEDUCTION (PAY_DEDUCTION_SEQ,EMP_CODE,PAYMENT_DATE,PRICE,PAY_DEDUCTION_ITEM_CODE,PAY_DEDUCTION_ITEM_NAME) values ('47','1004','20190120','0','P-40','야간근무수당');
Insert into TEST4.PAY_DEDUCTION (PAY_DEDUCTION_SEQ,EMP_CODE,PAYMENT_DATE,PRICE,PAY_DEDUCTION_ITEM_CODE,PAY_DEDUCTION_ITEM_NAME) values ('48','1004','20190120','0','P-90','출장수당');
Insert into TEST4.PAY_DEDUCTION (PAY_DEDUCTION_SEQ,EMP_CODE,PAYMENT_DATE,PRICE,PAY_DEDUCTION_ITEM_CODE,PAY_DEDUCTION_ITEM_NAME) values ('49','1004','20190120','0','P-100','자기계발지원금');
Insert into TEST4.PAY_DEDUCTION (PAY_DEDUCTION_SEQ,EMP_CODE,PAYMENT_DATE,PRICE,PAY_DEDUCTION_ITEM_CODE,PAY_DEDUCTION_ITEM_NAME) values ('50','1004','20190120','0','P-110','상여금');
Insert into TEST4.PAY_DEDUCTION (PAY_DEDUCTION_SEQ,EMP_CODE,PAYMENT_DATE,PRICE,PAY_DEDUCTION_ITEM_CODE,PAY_DEDUCTION_ITEM_NAME) values ('51','1004','20190120','81600','P-120','국민연금');
Insert into TEST4.PAY_DEDUCTION (PAY_DEDUCTION_SEQ,EMP_CODE,PAYMENT_DATE,PRICE,PAY_DEDUCTION_ITEM_CODE,PAY_DEDUCTION_ITEM_NAME) values ('52','1004','20190120','2100','P-130','장기요양보험');
Insert into TEST4.PAY_DEDUCTION (PAY_DEDUCTION_SEQ,EMP_CODE,PAYMENT_DATE,PRICE,PAY_DEDUCTION_ITEM_CODE,PAY_DEDUCTION_ITEM_NAME) values ('53','1004','20190120','56600','P-140','건강보험');
Insert into TEST4.PAY_DEDUCTION (PAY_DEDUCTION_SEQ,EMP_CODE,PAYMENT_DATE,PRICE,PAY_DEDUCTION_ITEM_CODE,PAY_DEDUCTION_ITEM_NAME) values ('54','1004','20190120','11800','P-150','고용보험');
Insert into TEST4.PAY_DEDUCTION (PAY_DEDUCTION_SEQ,EMP_CODE,PAYMENT_DATE,PRICE,PAY_DEDUCTION_ITEM_CODE,PAY_DEDUCTION_ITEM_NAME) values ('55','1004','20190120','59900','P-160','소득세');
Insert into TEST4.PAY_DEDUCTION (PAY_DEDUCTION_SEQ,EMP_CODE,PAYMENT_DATE,PRICE,PAY_DEDUCTION_ITEM_CODE,PAY_DEDUCTION_ITEM_NAME) values ('56','1004','20190120','6000','P-170','지방소득세');
Insert into TEST4.PAY_DEDUCTION (PAY_DEDUCTION_SEQ,EMP_CODE,PAYMENT_DATE,PRICE,PAY_DEDUCTION_ITEM_CODE,PAY_DEDUCTION_ITEM_NAME) values ('57','1004','20190120','0','P-20','연장근무수당');
Insert into TEST4.PAY_DEDUCTION (PAY_DEDUCTION_SEQ,EMP_CODE,PAYMENT_DATE,PRICE,PAY_DEDUCTION_ITEM_CODE,PAY_DEDUCTION_ITEM_NAME) values ('58','1004','20190120',null,'P-30','휴일근무수당');
Insert into TEST4.PAY_DEDUCTION (PAY_DEDUCTION_SEQ,EMP_CODE,PAYMENT_DATE,PRICE,PAY_DEDUCTION_ITEM_CODE,PAY_DEDUCTION_ITEM_NAME) values ('59','1004','20190120','0','P-50','식비');
Insert into TEST4.PAY_DEDUCTION (PAY_DEDUCTION_SEQ,EMP_CODE,PAYMENT_DATE,PRICE,PAY_DEDUCTION_ITEM_CODE,PAY_DEDUCTION_ITEM_NAME) values ('60','1004','20190120','0','P-60','유류비');
Insert into TEST4.PAY_DEDUCTION (PAY_DEDUCTION_SEQ,EMP_CODE,PAYMENT_DATE,PRICE,PAY_DEDUCTION_ITEM_CODE,PAY_DEDUCTION_ITEM_NAME) values ('61','1005','20190120','1761100','P-10','기본금');
Insert into TEST4.PAY_DEDUCTION (PAY_DEDUCTION_SEQ,EMP_CODE,PAYMENT_DATE,PRICE,PAY_DEDUCTION_ITEM_CODE,PAY_DEDUCTION_ITEM_NAME) values ('62','1005','20190120','0','P-40','야간근무수당');
Insert into TEST4.PAY_DEDUCTION (PAY_DEDUCTION_SEQ,EMP_CODE,PAYMENT_DATE,PRICE,PAY_DEDUCTION_ITEM_CODE,PAY_DEDUCTION_ITEM_NAME) values ('63','1005','20190120','0','P-90','출장수당');
Insert into TEST4.PAY_DEDUCTION (PAY_DEDUCTION_SEQ,EMP_CODE,PAYMENT_DATE,PRICE,PAY_DEDUCTION_ITEM_CODE,PAY_DEDUCTION_ITEM_NAME) values ('64','1005','20190120','0','P-100','자기계발지원금');
Insert into TEST4.PAY_DEDUCTION (PAY_DEDUCTION_SEQ,EMP_CODE,PAYMENT_DATE,PRICE,PAY_DEDUCTION_ITEM_CODE,PAY_DEDUCTION_ITEM_NAME) values ('65','1005','20190120','0','P-110','상여금');
Insert into TEST4.PAY_DEDUCTION (PAY_DEDUCTION_SEQ,EMP_CODE,PAYMENT_DATE,PRICE,PAY_DEDUCTION_ITEM_CODE,PAY_DEDUCTION_ITEM_NAME) values ('66','1005','20190120','79200','P-120','국민연금');
Insert into TEST4.PAY_DEDUCTION (PAY_DEDUCTION_SEQ,EMP_CODE,PAYMENT_DATE,PRICE,PAY_DEDUCTION_ITEM_CODE,PAY_DEDUCTION_ITEM_NAME) values ('67','1005','20190120','2000','P-130','장기요양보험');
Insert into TEST4.PAY_DEDUCTION (PAY_DEDUCTION_SEQ,EMP_CODE,PAYMENT_DATE,PRICE,PAY_DEDUCTION_ITEM_CODE,PAY_DEDUCTION_ITEM_NAME) values ('68','1005','20190120','54900','P-140','건강보험');
Insert into TEST4.PAY_DEDUCTION (PAY_DEDUCTION_SEQ,EMP_CODE,PAYMENT_DATE,PRICE,PAY_DEDUCTION_ITEM_CODE,PAY_DEDUCTION_ITEM_NAME) values ('69','1005','20190120','11400','P-150','고용보험');
Insert into TEST4.PAY_DEDUCTION (PAY_DEDUCTION_SEQ,EMP_CODE,PAYMENT_DATE,PRICE,PAY_DEDUCTION_ITEM_CODE,PAY_DEDUCTION_ITEM_NAME) values ('70','1005','20190120','58100','P-160','소득세');
Insert into TEST4.PAY_DEDUCTION (PAY_DEDUCTION_SEQ,EMP_CODE,PAYMENT_DATE,PRICE,PAY_DEDUCTION_ITEM_CODE,PAY_DEDUCTION_ITEM_NAME) values ('71','1005','20190120','5800','P-170','지방소득세');
Insert into TEST4.PAY_DEDUCTION (PAY_DEDUCTION_SEQ,EMP_CODE,PAYMENT_DATE,PRICE,PAY_DEDUCTION_ITEM_CODE,PAY_DEDUCTION_ITEM_NAME) values ('72','1005','20190120','0','P-20','연장근무수당');
Insert into TEST4.PAY_DEDUCTION (PAY_DEDUCTION_SEQ,EMP_CODE,PAYMENT_DATE,PRICE,PAY_DEDUCTION_ITEM_CODE,PAY_DEDUCTION_ITEM_NAME) values ('73','1005','20190120',null,'P-30','휴일근무수당');
Insert into TEST4.PAY_DEDUCTION (PAY_DEDUCTION_SEQ,EMP_CODE,PAYMENT_DATE,PRICE,PAY_DEDUCTION_ITEM_CODE,PAY_DEDUCTION_ITEM_NAME) values ('74','1005','20190120','0','P-50','식비');
Insert into TEST4.PAY_DEDUCTION (PAY_DEDUCTION_SEQ,EMP_CODE,PAYMENT_DATE,PRICE,PAY_DEDUCTION_ITEM_CODE,PAY_DEDUCTION_ITEM_NAME) values ('75','1005','20190120','0','P-60','유류비');
REM INSERTING into TEST4.PAY_DEDUCTION_MGT
SET DEFINE OFF;
Insert into TEST4.PAY_DEDUCTION_MGT (PAY_DEDUCTION_ITEM_SEQ,PAY_TYPE_CODE,PAY_DEDUCTION_TYPE_CODE,INPUTED_YEAR,PAY_DEDUCTION_ITEM_CODE,PAY_DEDUCTION_ITEM_NAME,TAX_TYPE_CODE,SUSUB_APPLY,MONTH_SAL,PRICE,IN_OUT_APPLY) values ('1','SGC001','PDC001','2019','P-10','기본금','PTC001','PDM001','PMC001','기본급','PDM001');
Insert into TEST4.PAY_DEDUCTION_MGT (PAY_DEDUCTION_ITEM_SEQ,PAY_TYPE_CODE,PAY_DEDUCTION_TYPE_CODE,INPUTED_YEAR,PAY_DEDUCTION_ITEM_CODE,PAY_DEDUCTION_ITEM_NAME,TAX_TYPE_CODE,SUSUB_APPLY,MONTH_SAL,PRICE,IN_OUT_APPLY) values ('4','SGC001','PDC001','2019','P-40','야간근무수당','PTC001','PDM001','PMC002','무급휴일유급휴일 연장/심야수당','HGC002');
Insert into TEST4.PAY_DEDUCTION_MGT (PAY_DEDUCTION_ITEM_SEQ,PAY_TYPE_CODE,PAY_DEDUCTION_TYPE_CODE,INPUTED_YEAR,PAY_DEDUCTION_ITEM_CODE,PAY_DEDUCTION_ITEM_NAME,TAX_TYPE_CODE,SUSUB_APPLY,MONTH_SAL,PRICE,IN_OUT_APPLY) values ('9','SGC001','PDC001','2019','P-90','출장수당','PTC002','PDM001','PMC002','100000','PDM001');
Insert into TEST4.PAY_DEDUCTION_MGT (PAY_DEDUCTION_ITEM_SEQ,PAY_TYPE_CODE,PAY_DEDUCTION_TYPE_CODE,INPUTED_YEAR,PAY_DEDUCTION_ITEM_CODE,PAY_DEDUCTION_ITEM_NAME,TAX_TYPE_CODE,SUSUB_APPLY,MONTH_SAL,PRICE,IN_OUT_APPLY) values ('10','SGC001','PDC001','2019','P-100','자기계발지원금','PTC002','PDM001','PMC002','200000','PDM001');
Insert into TEST4.PAY_DEDUCTION_MGT (PAY_DEDUCTION_ITEM_SEQ,PAY_TYPE_CODE,PAY_DEDUCTION_TYPE_CODE,INPUTED_YEAR,PAY_DEDUCTION_ITEM_CODE,PAY_DEDUCTION_ITEM_NAME,TAX_TYPE_CODE,SUSUB_APPLY,MONTH_SAL,PRICE,IN_OUT_APPLY) values ('11','SGC002','PDC001','2019','P-110','상여금','PTC002','PDM001','PMC002','실적에따라 제공','PDM001');
Insert into TEST4.PAY_DEDUCTION_MGT (PAY_DEDUCTION_ITEM_SEQ,PAY_TYPE_CODE,PAY_DEDUCTION_TYPE_CODE,INPUTED_YEAR,PAY_DEDUCTION_ITEM_CODE,PAY_DEDUCTION_ITEM_NAME,TAX_TYPE_CODE,SUSUB_APPLY,MONTH_SAL,PRICE,IN_OUT_APPLY) values ('12','SGC001','PDC002','2019','P-120','국민연금','PTC001','PDM001','PMC002','적용한환경등록에서 산출','PDM001');
Insert into TEST4.PAY_DEDUCTION_MGT (PAY_DEDUCTION_ITEM_SEQ,PAY_TYPE_CODE,PAY_DEDUCTION_TYPE_CODE,INPUTED_YEAR,PAY_DEDUCTION_ITEM_CODE,PAY_DEDUCTION_ITEM_NAME,TAX_TYPE_CODE,SUSUB_APPLY,MONTH_SAL,PRICE,IN_OUT_APPLY) values ('13','SGC001','PDC002','2019','P-130','장기요양보험','PTC001','PDM001',null,'적용한환경등록에서 산출','PDM001');
Insert into TEST4.PAY_DEDUCTION_MGT (PAY_DEDUCTION_ITEM_SEQ,PAY_TYPE_CODE,PAY_DEDUCTION_TYPE_CODE,INPUTED_YEAR,PAY_DEDUCTION_ITEM_CODE,PAY_DEDUCTION_ITEM_NAME,TAX_TYPE_CODE,SUSUB_APPLY,MONTH_SAL,PRICE,IN_OUT_APPLY) values ('14','SGC001','PDC002','2019','P-140','건강보험','PTC001','PDM001','PMC001','적용한환경등록에서 산출','PDM001');
Insert into TEST4.PAY_DEDUCTION_MGT (PAY_DEDUCTION_ITEM_SEQ,PAY_TYPE_CODE,PAY_DEDUCTION_TYPE_CODE,INPUTED_YEAR,PAY_DEDUCTION_ITEM_CODE,PAY_DEDUCTION_ITEM_NAME,TAX_TYPE_CODE,SUSUB_APPLY,MONTH_SAL,PRICE,IN_OUT_APPLY) values ('15','SGC001','PDC002','2019','P-150','고용보험','PTC001','PDM001',null,'적용한환경등록에서 산출','PDM001');
Insert into TEST4.PAY_DEDUCTION_MGT (PAY_DEDUCTION_ITEM_SEQ,PAY_TYPE_CODE,PAY_DEDUCTION_TYPE_CODE,INPUTED_YEAR,PAY_DEDUCTION_ITEM_CODE,PAY_DEDUCTION_ITEM_NAME,TAX_TYPE_CODE,SUSUB_APPLY,MONTH_SAL,PRICE,IN_OUT_APPLY) values ('16','SGC001','PDC002','2019','P-160','소득세','PTC001','PDM001',null,'적용한환경등록에서 산출','PDM001');
Insert into TEST4.PAY_DEDUCTION_MGT (PAY_DEDUCTION_ITEM_SEQ,PAY_TYPE_CODE,PAY_DEDUCTION_TYPE_CODE,INPUTED_YEAR,PAY_DEDUCTION_ITEM_CODE,PAY_DEDUCTION_ITEM_NAME,TAX_TYPE_CODE,SUSUB_APPLY,MONTH_SAL,PRICE,IN_OUT_APPLY) values ('17','SGC001','PDC002','2019','P-170','지방소득세','PTC001','PDM001',null,'소득세의 10%','PDM001');
Insert into TEST4.PAY_DEDUCTION_MGT (PAY_DEDUCTION_ITEM_SEQ,PAY_TYPE_CODE,PAY_DEDUCTION_TYPE_CODE,INPUTED_YEAR,PAY_DEDUCTION_ITEM_CODE,PAY_DEDUCTION_ITEM_NAME,TAX_TYPE_CODE,SUSUB_APPLY,MONTH_SAL,PRICE,IN_OUT_APPLY) values ('2','SGC001','PDC001','2019','P-20','연장근무수당','PTC001','PDM001','PMC002','시급 X 1.5','PDM001');
Insert into TEST4.PAY_DEDUCTION_MGT (PAY_DEDUCTION_ITEM_SEQ,PAY_TYPE_CODE,PAY_DEDUCTION_TYPE_CODE,INPUTED_YEAR,PAY_DEDUCTION_ITEM_CODE,PAY_DEDUCTION_ITEM_NAME,TAX_TYPE_CODE,SUSUB_APPLY,MONTH_SAL,PRICE,IN_OUT_APPLY) values ('3','SGC001','PDC001','2019','P-30','휴일근무수당','PTC001','PDM001','PMC001','휴일근무시간*시급*1.5','PDM001');
Insert into TEST4.PAY_DEDUCTION_MGT (PAY_DEDUCTION_ITEM_SEQ,PAY_TYPE_CODE,PAY_DEDUCTION_TYPE_CODE,INPUTED_YEAR,PAY_DEDUCTION_ITEM_CODE,PAY_DEDUCTION_ITEM_NAME,TAX_TYPE_CODE,SUSUB_APPLY,MONTH_SAL,PRICE,IN_OUT_APPLY) values ('5','SGC001','PDC001','2019','P-50','식비','PTC002','PDM001','PMC001','200000','PDM001');
Insert into TEST4.PAY_DEDUCTION_MGT (PAY_DEDUCTION_ITEM_SEQ,PAY_TYPE_CODE,PAY_DEDUCTION_TYPE_CODE,INPUTED_YEAR,PAY_DEDUCTION_ITEM_CODE,PAY_DEDUCTION_ITEM_NAME,TAX_TYPE_CODE,SUSUB_APPLY,MONTH_SAL,PRICE,IN_OUT_APPLY) values ('6','SGC001','PDC001','2019','P-60','유류비','PTC002','PDM001','PMC001','200000','PDM001');
REM INSERTING into TEST4.POSITION
SET DEFINE OFF;
Insert into TEST4.POSITION (POSITION_CODE,POSITION_NAME) values ('POS000','대표이사');
Insert into TEST4.POSITION (POSITION_CODE,POSITION_NAME) values ('POS001','사장');
Insert into TEST4.POSITION (POSITION_CODE,POSITION_NAME) values ('POS002','상무');
Insert into TEST4.POSITION (POSITION_CODE,POSITION_NAME) values ('POS003','이사');
Insert into TEST4.POSITION (POSITION_CODE,POSITION_NAME) values ('POS004','부장');
Insert into TEST4.POSITION (POSITION_CODE,POSITION_NAME) values ('POS005','차장');
Insert into TEST4.POSITION (POSITION_CODE,POSITION_NAME) values ('POS006','과장');
Insert into TEST4.POSITION (POSITION_CODE,POSITION_NAME) values ('POS007','대리');
Insert into TEST4.POSITION (POSITION_CODE,POSITION_NAME) values ('POS008','주임');
Insert into TEST4.POSITION (POSITION_CODE,POSITION_NAME) values ('POS009','사원');
REM INSERTING into TEST4.SAL_INFO
SET DEFINE OFF;
Insert into TEST4.SAL_INFO (EMP_CODE,HOBONG,SALARY_TYPE_CODE,PENSION_TYPE,NATIONAL_PENSION,HEALTH_INSURANCE,EMPLOYEEMENT_INSURANCE,LONG_TERM_CARE_INSURANCE,SUPPORT_TWENTY_BELOW,MANY_CHILD_DEDUCTION,ACCOUNT_CODE,ACCOUNT_HOLDER,SAL_TRANS_BANK,SUPPORT_SIXTY_ABOVE) values ('1004','2호봉','PAC001',null,'65500000','30350000','45000000','197275','0명','N','777-777-7777','김쵸니','NH농협은행','0명');
Insert into TEST4.SAL_INFO (EMP_CODE,HOBONG,SALARY_TYPE_CODE,PENSION_TYPE,NATIONAL_PENSION,HEALTH_INSURANCE,EMPLOYEEMENT_INSURANCE,LONG_TERM_CARE_INSURANCE,SUPPORT_TWENTY_BELOW,MANY_CHILD_DEDUCTION,ACCOUNT_CODE,ACCOUNT_HOLDER,SAL_TRANS_BANK,SUPPORT_SIXTY_ABOVE) values ('1001','1호봉','PAC001',null,'115352','79250','53499','347','0명','N','777-777-7777','김두루미씨','KB국민은행','0명');
Insert into TEST4.SAL_INFO (EMP_CODE,HOBONG,SALARY_TYPE_CODE,PENSION_TYPE,NATIONAL_PENSION,HEALTH_INSURANCE,EMPLOYEEMENT_INSURANCE,LONG_TERM_CARE_INSURANCE,SUPPORT_TWENTY_BELOW,MANY_CHILD_DEDUCTION,ACCOUNT_CODE,ACCOUNT_HOLDER,SAL_TRANS_BANK,SUPPORT_SIXTY_ABOVE) values ('1003','2호봉','PAC001',null,'65500000','30350000','45000000','197275','0명','N','777-777-7777777','임대표','신한은행','0명');
Insert into TEST4.SAL_INFO (EMP_CODE,HOBONG,SALARY_TYPE_CODE,PENSION_TYPE,NATIONAL_PENSION,HEALTH_INSURANCE,EMPLOYEEMENT_INSURANCE,LONG_TERM_CARE_INSURANCE,SUPPORT_TWENTY_BELOW,MANY_CHILD_DEDUCTION,ACCOUNT_CODE,ACCOUNT_HOLDER,SAL_TRANS_BANK,SUPPORT_SIXTY_ABOVE) values ('1002','1호봉','PAC001',null,'250649','116140','172202','755','0명','N','777-7777-7777','임합격','경남은행','0명');
Insert into TEST4.SAL_INFO (EMP_CODE,HOBONG,SALARY_TYPE_CODE,PENSION_TYPE,NATIONAL_PENSION,HEALTH_INSURANCE,EMPLOYEEMENT_INSURANCE,LONG_TERM_CARE_INSURANCE,SUPPORT_TWENTY_BELOW,MANY_CHILD_DEDUCTION,ACCOUNT_CODE,ACCOUNT_HOLDER,SAL_TRANS_BANK,SUPPORT_SIXTY_ABOVE) values ('1005','1호봉','PAC002',null,'115352','53449','79250','347','0명','N',null,null,null,'0명');
Insert into TEST4.SAL_INFO (EMP_CODE,HOBONG,SALARY_TYPE_CODE,PENSION_TYPE,NATIONAL_PENSION,HEALTH_INSURANCE,EMPLOYEEMENT_INSURANCE,LONG_TERM_CARE_INSURANCE,SUPPORT_TWENTY_BELOW,MANY_CHILD_DEDUCTION,ACCOUNT_CODE,ACCOUNT_HOLDER,SAL_TRANS_BANK,SUPPORT_SIXTY_ABOVE) values ('1007',null,null,null,null,null,null,null,null,null,null,null,null,null);
Insert into TEST4.SAL_INFO (EMP_CODE,HOBONG,SALARY_TYPE_CODE,PENSION_TYPE,NATIONAL_PENSION,HEALTH_INSURANCE,EMPLOYEEMENT_INSURANCE,LONG_TERM_CARE_INSURANCE,SUPPORT_TWENTY_BELOW,MANY_CHILD_DEDUCTION,ACCOUNT_CODE,ACCOUNT_HOLDER,SAL_TRANS_BANK,SUPPORT_SIXTY_ABOVE) values ('1006',null,null,null,null,null,null,null,null,null,null,null,null,null);
Insert into TEST4.SAL_INFO (EMP_CODE,HOBONG,SALARY_TYPE_CODE,PENSION_TYPE,NATIONAL_PENSION,HEALTH_INSURANCE,EMPLOYEEMENT_INSURANCE,LONG_TERM_CARE_INSURANCE,SUPPORT_TWENTY_BELOW,MANY_CHILD_DEDUCTION,ACCOUNT_CODE,ACCOUNT_HOLDER,SAL_TRANS_BANK,SUPPORT_SIXTY_ABOVE) values ('5909',null,null,null,null,null,null,null,null,null,null,null,null,null);
Insert into TEST4.SAL_INFO (EMP_CODE,HOBONG,SALARY_TYPE_CODE,PENSION_TYPE,NATIONAL_PENSION,HEALTH_INSURANCE,EMPLOYEEMENT_INSURANCE,LONG_TERM_CARE_INSURANCE,SUPPORT_TWENTY_BELOW,MANY_CHILD_DEDUCTION,ACCOUNT_CODE,ACCOUNT_HOLDER,SAL_TRANS_BANK,SUPPORT_SIXTY_ABOVE) values ('5810',null,null,null,null,null,null,null,null,null,null,null,null,null);
REM INSERTING into TEST4.SAL_INPUT
SET DEFINE OFF;
Insert into TEST4.SAL_INPUT (PAYMENT_DATE,EMP_CODE,SALARY_TYPE_CODE,TOTAL_SALARY,TOTAL_DEDUCTION_PRICE,DEPT_CODE,POSITION_CODE,HIRE_DATE,RETIRE_DATE,CHINE_PAYMENTS) values ('20180409','1001','PAC001','2641650','248448','DEP001','POS009','20170904',null,'2393202');
Insert into TEST4.SAL_INPUT (PAYMENT_DATE,EMP_CODE,SALARY_TYPE_CODE,TOTAL_SALARY,TOTAL_DEDUCTION_PRICE,DEPT_CODE,POSITION_CODE,HIRE_DATE,RETIRE_DATE,CHINE_PAYMENTS) values ('20180409','1002','PAC001','5795091','539746','DEP000','POS002','20170904',null,'5255345');
Insert into TEST4.SAL_INPUT (PAYMENT_DATE,EMP_CODE,SALARY_TYPE_CODE,TOTAL_SALARY,TOTAL_DEDUCTION_PRICE,DEPT_CODE,POSITION_CODE,HIRE_DATE,RETIRE_DATE,CHINE_PAYMENTS) values ('20180409','1003','PAC001','1100000001','141047275','DEP000','POS000','20170904',null,'958952726');
Insert into TEST4.SAL_INPUT (PAYMENT_DATE,EMP_CODE,SALARY_TYPE_CODE,TOTAL_SALARY,TOTAL_DEDUCTION_PRICE,DEPT_CODE,POSITION_CODE,HIRE_DATE,RETIRE_DATE,CHINE_PAYMENTS) values ('20180409','1004','PAC001','1100000001','141047275','DEP000','POS000','20170904',null,'958952726');
Insert into TEST4.SAL_INPUT (PAYMENT_DATE,EMP_CODE,SALARY_TYPE_CODE,TOTAL_SALARY,TOTAL_DEDUCTION_PRICE,DEPT_CODE,POSITION_CODE,HIRE_DATE,RETIRE_DATE,CHINE_PAYMENTS) values ('20180725','1002','PAC001','5740050','539746','DEP000','POS002','20170904',null,'5200304');
Insert into TEST4.SAL_INPUT (PAYMENT_DATE,EMP_CODE,SALARY_TYPE_CODE,TOTAL_SALARY,TOTAL_DEDUCTION_PRICE,DEPT_CODE,POSITION_CODE,HIRE_DATE,RETIRE_DATE,CHINE_PAYMENTS) values ('20180725','1003','PAC001','1100000001','141047275','DEP000','POS000','20170904',null,'958952726');
Insert into TEST4.SAL_INPUT (PAYMENT_DATE,EMP_CODE,SALARY_TYPE_CODE,TOTAL_SALARY,TOTAL_DEDUCTION_PRICE,DEPT_CODE,POSITION_CODE,HIRE_DATE,RETIRE_DATE,CHINE_PAYMENTS) values ('20180725','1004','PAC001','1100000001','141047275','DEP000','POS000','20170904',null,'958952726');
Insert into TEST4.SAL_INPUT (PAYMENT_DATE,EMP_CODE,SALARY_TYPE_CODE,TOTAL_SALARY,TOTAL_DEDUCTION_PRICE,DEPT_CODE,POSITION_CODE,HIRE_DATE,RETIRE_DATE,CHINE_PAYMENTS) values ('20180720','1001','PAC001','2641650','248448','DEP001','POS009','20170904',null,'2393202');
Insert into TEST4.SAL_INPUT (PAYMENT_DATE,EMP_CODE,SALARY_TYPE_CODE,TOTAL_SALARY,TOTAL_DEDUCTION_PRICE,DEPT_CODE,POSITION_CODE,HIRE_DATE,RETIRE_DATE,CHINE_PAYMENTS) values ('20180720','1002','PAC001','5795091','539746','DEP000','POS002','20170904',null,'5255345');
Insert into TEST4.SAL_INPUT (PAYMENT_DATE,EMP_CODE,SALARY_TYPE_CODE,TOTAL_SALARY,TOTAL_DEDUCTION_PRICE,DEPT_CODE,POSITION_CODE,HIRE_DATE,RETIRE_DATE,CHINE_PAYMENTS) values ('20180720','1003','PAC001','1100000001','141047275','DEP000','POS000','20170904',null,'958952726');
Insert into TEST4.SAL_INPUT (PAYMENT_DATE,EMP_CODE,SALARY_TYPE_CODE,TOTAL_SALARY,TOTAL_DEDUCTION_PRICE,DEPT_CODE,POSITION_CODE,HIRE_DATE,RETIRE_DATE,CHINE_PAYMENTS) values ('20180720','1004','PAC001','1100000001','141047275','DEP000','POS000','20170904',null,'958952726');
Insert into TEST4.SAL_INPUT (PAYMENT_DATE,EMP_CODE,SALARY_TYPE_CODE,TOTAL_SALARY,TOTAL_DEDUCTION_PRICE,DEPT_CODE,POSITION_CODE,HIRE_DATE,RETIRE_DATE,CHINE_PAYMENTS) values ('20180920','1001','PAC001','2641650','248448','DEP001','POS009','20170904',null,'2393202');
Insert into TEST4.SAL_INPUT (PAYMENT_DATE,EMP_CODE,SALARY_TYPE_CODE,TOTAL_SALARY,TOTAL_DEDUCTION_PRICE,DEPT_CODE,POSITION_CODE,HIRE_DATE,RETIRE_DATE,CHINE_PAYMENTS) values ('20180725','1001','PAC001','2641650','248448','DEP001','POS009','20170904',null,'2393202');
Insert into TEST4.SAL_INPUT (PAYMENT_DATE,EMP_CODE,SALARY_TYPE_CODE,TOTAL_SALARY,TOTAL_DEDUCTION_PRICE,DEPT_CODE,POSITION_CODE,HIRE_DATE,RETIRE_DATE,CHINE_PAYMENTS) values ('20180920','1002','PAC001','5740050','539746','DEP000','POS002','20170904',null,'5200304');
Insert into TEST4.SAL_INPUT (PAYMENT_DATE,EMP_CODE,SALARY_TYPE_CODE,TOTAL_SALARY,TOTAL_DEDUCTION_PRICE,DEPT_CODE,POSITION_CODE,HIRE_DATE,RETIRE_DATE,CHINE_PAYMENTS) values ('20180920','1003','PAC001','1106000001','141047275','DEP000','POS000','20170904',null,'964952726');
Insert into TEST4.SAL_INPUT (PAYMENT_DATE,EMP_CODE,SALARY_TYPE_CODE,TOTAL_SALARY,TOTAL_DEDUCTION_PRICE,DEPT_CODE,POSITION_CODE,HIRE_DATE,RETIRE_DATE,CHINE_PAYMENTS) values ('20180920','1004','PAC001','1107500001','141047275','DEP000','POS000','20170904',null,'966452726');
Insert into TEST4.SAL_INPUT (PAYMENT_DATE,EMP_CODE,SALARY_TYPE_CODE,TOTAL_SALARY,TOTAL_DEDUCTION_PRICE,DEPT_CODE,POSITION_CODE,HIRE_DATE,RETIRE_DATE,CHINE_PAYMENTS) values ('20180820','1001','PAC001','2641650','248448','DEP001','POS009','20170904',null,'2393202');
Insert into TEST4.SAL_INPUT (PAYMENT_DATE,EMP_CODE,SALARY_TYPE_CODE,TOTAL_SALARY,TOTAL_DEDUCTION_PRICE,DEPT_CODE,POSITION_CODE,HIRE_DATE,RETIRE_DATE,CHINE_PAYMENTS) values ('20180820','1002','PAC001','5740050','539746','DEP000','POS002','20170904',null,'5200304');
Insert into TEST4.SAL_INPUT (PAYMENT_DATE,EMP_CODE,SALARY_TYPE_CODE,TOTAL_SALARY,TOTAL_DEDUCTION_PRICE,DEPT_CODE,POSITION_CODE,HIRE_DATE,RETIRE_DATE,CHINE_PAYMENTS) values ('20180820','1003','PAC001','1103000001','141047275','DEP000','POS000','20170904',null,'961952726');
Insert into TEST4.SAL_INPUT (PAYMENT_DATE,EMP_CODE,SALARY_TYPE_CODE,TOTAL_SALARY,TOTAL_DEDUCTION_PRICE,DEPT_CODE,POSITION_CODE,HIRE_DATE,RETIRE_DATE,CHINE_PAYMENTS) values ('20180820','1004','PAC001','1100000001','141047275','DEP000','POS000','20170904',null,'958952726');
Insert into TEST4.SAL_INPUT (PAYMENT_DATE,EMP_CODE,SALARY_TYPE_CODE,TOTAL_SALARY,TOTAL_DEDUCTION_PRICE,DEPT_CODE,POSITION_CODE,HIRE_DATE,RETIRE_DATE,CHINE_PAYMENTS) values ('20180920','1005','PAC002','2641650','248398','DEP000','POS009','20180928',null,'2393252');
Insert into TEST4.SAL_INPUT (PAYMENT_DATE,EMP_CODE,SALARY_TYPE_CODE,TOTAL_SALARY,TOTAL_DEDUCTION_PRICE,DEPT_CODE,POSITION_CODE,HIRE_DATE,RETIRE_DATE,CHINE_PAYMENTS) values ('20181220','1001','PAC002','5384600','647000','DEP000','POS000','20170904',null,'4737600');
Insert into TEST4.SAL_INPUT (PAYMENT_DATE,EMP_CODE,SALARY_TYPE_CODE,TOTAL_SALARY,TOTAL_DEDUCTION_PRICE,DEPT_CODE,POSITION_CODE,HIRE_DATE,RETIRE_DATE,CHINE_PAYMENTS) values ('20181220','1002','PAC002','4064400','488300','DEP001','POS001','20170904',null,'3576100');
Insert into TEST4.SAL_INPUT (PAYMENT_DATE,EMP_CODE,SALARY_TYPE_CODE,TOTAL_SALARY,TOTAL_DEDUCTION_PRICE,DEPT_CODE,POSITION_CODE,HIRE_DATE,RETIRE_DATE,CHINE_PAYMENTS) values ('20181220','1003','PAC002','2811800','337800','DEP001','POS004','20170904',null,'2474000');
Insert into TEST4.SAL_INPUT (PAYMENT_DATE,EMP_CODE,SALARY_TYPE_CODE,TOTAL_SALARY,TOTAL_DEDUCTION_PRICE,DEPT_CODE,POSITION_CODE,HIRE_DATE,RETIRE_DATE,CHINE_PAYMENTS) values ('20181220','1004','PAC002','1813900','218000','DEP001','POS007','20170904',null,'1595900');
Insert into TEST4.SAL_INPUT (PAYMENT_DATE,EMP_CODE,SALARY_TYPE_CODE,TOTAL_SALARY,TOTAL_DEDUCTION_PRICE,DEPT_CODE,POSITION_CODE,HIRE_DATE,RETIRE_DATE,CHINE_PAYMENTS) values ('20181220','1005','PAC002','1761100','211400','DEP001','POS009','20180928',null,'1549700');
Insert into TEST4.SAL_INPUT (PAYMENT_DATE,EMP_CODE,SALARY_TYPE_CODE,TOTAL_SALARY,TOTAL_DEDUCTION_PRICE,DEPT_CODE,POSITION_CODE,HIRE_DATE,RETIRE_DATE,CHINE_PAYMENTS) values ('20190120','1001','PAC002','5000000','600800','DEP000','POS000','20170904',null,'4399200');
Insert into TEST4.SAL_INPUT (PAYMENT_DATE,EMP_CODE,SALARY_TYPE_CODE,TOTAL_SALARY,TOTAL_DEDUCTION_PRICE,DEPT_CODE,POSITION_CODE,HIRE_DATE,RETIRE_DATE,CHINE_PAYMENTS) values ('20190120','1002','PAC002','4064400','488300','DEP001','POS001','20170904',null,'3576100');
Insert into TEST4.SAL_INPUT (PAYMENT_DATE,EMP_CODE,SALARY_TYPE_CODE,TOTAL_SALARY,TOTAL_DEDUCTION_PRICE,DEPT_CODE,POSITION_CODE,HIRE_DATE,RETIRE_DATE,CHINE_PAYMENTS) values ('20190120','1003','PAC002','2811800','337800','DEP001','POS004','20170904',null,'2474000');
Insert into TEST4.SAL_INPUT (PAYMENT_DATE,EMP_CODE,SALARY_TYPE_CODE,TOTAL_SALARY,TOTAL_DEDUCTION_PRICE,DEPT_CODE,POSITION_CODE,HIRE_DATE,RETIRE_DATE,CHINE_PAYMENTS) values ('20190120','1004','PAC002','1813900','218000','DEP001','POS007','20170904',null,'1595900');
Insert into TEST4.SAL_INPUT (PAYMENT_DATE,EMP_CODE,SALARY_TYPE_CODE,TOTAL_SALARY,TOTAL_DEDUCTION_PRICE,DEPT_CODE,POSITION_CODE,HIRE_DATE,RETIRE_DATE,CHINE_PAYMENTS) values ('20190120','1005','PAC002','1761100','211400','DEP001','POS009','20180928',null,'1549700');
REM INSERTING into TEST4.SAL_PAYMENT_DATE
SET DEFINE OFF;
Insert into TEST4.SAL_PAYMENT_DATE (PAYMENT_DATE,INPUTED_YEAR_MONTH,TARGET_CHOICE,SAME_TIME_SELECTION,PAY_TYPE,SALARY_TYPE_CODE,NOTE,JIKJONG_CODE) values ('20180120','201801','직종및급여형태별','STS001','SGC000','PAC002','1월급상여지급','JJC001');
Insert into TEST4.SAL_PAYMENT_DATE (PAYMENT_DATE,INPUTED_YEAR_MONTH,TARGET_CHOICE,SAME_TIME_SELECTION,PAY_TYPE,SALARY_TYPE_CODE,NOTE,JIKJONG_CODE) values ('20180220','201802','직종및급여형태별','STS001','SGC000','PAC002','2월급상여지급','전임직원');
Insert into TEST4.SAL_PAYMENT_DATE (PAYMENT_DATE,INPUTED_YEAR_MONTH,TARGET_CHOICE,SAME_TIME_SELECTION,PAY_TYPE,SALARY_TYPE_CODE,NOTE,JIKJONG_CODE) values ('20180320','201803','직종및급여형태별','STS001','SGC000','PAC002','3월급상여지급','전임직원');
Insert into TEST4.SAL_PAYMENT_DATE (PAYMENT_DATE,INPUTED_YEAR_MONTH,TARGET_CHOICE,SAME_TIME_SELECTION,PAY_TYPE,SALARY_TYPE_CODE,NOTE,JIKJONG_CODE) values ('20180408','201804','JJC002','STS001','SGC000','PAC002','급/상여 지급','JJC002');
Insert into TEST4.SAL_PAYMENT_DATE (PAYMENT_DATE,INPUTED_YEAR_MONTH,TARGET_CHOICE,SAME_TIME_SELECTION,PAY_TYPE,SALARY_TYPE_CODE,NOTE,JIKJONG_CODE) values ('20180520','201805','직종및급여형태별','STS001','SGC000','PAC002','5월급상여지급','전임직원');
Insert into TEST4.SAL_PAYMENT_DATE (PAYMENT_DATE,INPUTED_YEAR_MONTH,TARGET_CHOICE,SAME_TIME_SELECTION,PAY_TYPE,SALARY_TYPE_CODE,NOTE,JIKJONG_CODE) values ('20180620','201806','직종및급여형태별','STS001','SGC000','PAC002','6월급상여지급','전임직원');
Insert into TEST4.SAL_PAYMENT_DATE (PAYMENT_DATE,INPUTED_YEAR_MONTH,TARGET_CHOICE,SAME_TIME_SELECTION,PAY_TYPE,SALARY_TYPE_CODE,NOTE,JIKJONG_CODE) values ('20180720','201807','직종및급여형태별','STS001','SGC000','PAC002','7월급상여지급','전임직원');
Insert into TEST4.SAL_PAYMENT_DATE (PAYMENT_DATE,INPUTED_YEAR_MONTH,TARGET_CHOICE,SAME_TIME_SELECTION,PAY_TYPE,SALARY_TYPE_CODE,NOTE,JIKJONG_CODE) values ('20180820','201808','직종및급여형태별','STS001','SGC000','PAC002','8월급상여지급','전임직원');
Insert into TEST4.SAL_PAYMENT_DATE (PAYMENT_DATE,INPUTED_YEAR_MONTH,TARGET_CHOICE,SAME_TIME_SELECTION,PAY_TYPE,SALARY_TYPE_CODE,NOTE,JIKJONG_CODE) values ('20180920','201809','직종및급여형태별','STS001','SGC000','PAC002','9월급상여지급','전임직원');
Insert into TEST4.SAL_PAYMENT_DATE (PAYMENT_DATE,INPUTED_YEAR_MONTH,TARGET_CHOICE,SAME_TIME_SELECTION,PAY_TYPE,SALARY_TYPE_CODE,NOTE,JIKJONG_CODE) values ('20181020','201810','직종및급여형태별','STS001','SGC000','PAC002','10월급상여지급','전임직원');
Insert into TEST4.SAL_PAYMENT_DATE (PAYMENT_DATE,INPUTED_YEAR_MONTH,TARGET_CHOICE,SAME_TIME_SELECTION,PAY_TYPE,SALARY_TYPE_CODE,NOTE,JIKJONG_CODE) values ('20181120','201811','직종및급여형태별','STS001','SGC000','PAC002','11월급상여지급','전임직원');
Insert into TEST4.SAL_PAYMENT_DATE (PAYMENT_DATE,INPUTED_YEAR_MONTH,TARGET_CHOICE,SAME_TIME_SELECTION,PAY_TYPE,SALARY_TYPE_CODE,NOTE,JIKJONG_CODE) values ('20181220','201812','직종및급여형태별','STS001','SGC000','PAC002','12월급상여지급','전임직원');
Insert into TEST4.SAL_PAYMENT_DATE (PAYMENT_DATE,INPUTED_YEAR_MONTH,TARGET_CHOICE,SAME_TIME_SELECTION,PAY_TYPE,SALARY_TYPE_CODE,NOTE,JIKJONG_CODE) values ('20180110','201801','JJC002','STS002','SGC002','PAC002','특별상여금','JJC002');
Insert into TEST4.SAL_PAYMENT_DATE (PAYMENT_DATE,INPUTED_YEAR_MONTH,TARGET_CHOICE,SAME_TIME_SELECTION,PAY_TYPE,SALARY_TYPE_CODE,NOTE,JIKJONG_CODE) values ('20180409','201804','JJC001','STS001','SGC000','PAC002','급/상여 지급','JJC001');
Insert into TEST4.SAL_PAYMENT_DATE (PAYMENT_DATE,INPUTED_YEAR_MONTH,TARGET_CHOICE,SAME_TIME_SELECTION,PAY_TYPE,SALARY_TYPE_CODE,NOTE,JIKJONG_CODE) values ('20180407','201804','JJC002','STS002','SGC002','PAC002','특별 보상금','JJC002');
Insert into TEST4.SAL_PAYMENT_DATE (PAYMENT_DATE,INPUTED_YEAR_MONTH,TARGET_CHOICE,SAME_TIME_SELECTION,PAY_TYPE,SALARY_TYPE_CODE,NOTE,JIKJONG_CODE) values ('20180725','201807','직종및급여형태별','STS001','SGC001','PAC002','테스트',null);
Insert into TEST4.SAL_PAYMENT_DATE (PAYMENT_DATE,INPUTED_YEAR_MONTH,TARGET_CHOICE,SAME_TIME_SELECTION,PAY_TYPE,SALARY_TYPE_CODE,NOTE,JIKJONG_CODE) values ('20190120','201901','직종및급여형태별','STS001','SGC000','PAC002','1월급상여지급','JJC001');
REM INSERTING into TEST4.WORK_INFO
SET DEFINE OFF;
Insert into TEST4.WORK_INFO (EMP_CODE,HIRE_DATE,RETIRE_DATE,EMPLOYEEMENT_TYPE_CODE,RETIRE_CAUSE,PROBATION_STATUS,PROBATION_EXPIRE_DATE,PROJECT_CODE,JIKJONG_CODE,EMP_NAME) values ('1003','20170904',null,'EMT001',null,'N',null,'PJC001','JJC001','임대표');
Insert into TEST4.WORK_INFO (EMP_CODE,HIRE_DATE,RETIRE_DATE,EMPLOYEEMENT_TYPE_CODE,RETIRE_CAUSE,PROBATION_STATUS,PROBATION_EXPIRE_DATE,PROJECT_CODE,JIKJONG_CODE,EMP_NAME) values ('1004','20170904',null,'EMT001',null,'N',null,'PJC001','JJC001','김쵸니');
Insert into TEST4.WORK_INFO (EMP_CODE,HIRE_DATE,RETIRE_DATE,EMPLOYEEMENT_TYPE_CODE,RETIRE_CAUSE,PROBATION_STATUS,PROBATION_EXPIRE_DATE,PROJECT_CODE,JIKJONG_CODE,EMP_NAME) values ('1001','20170904',null,'EMT001',null,'N',null,'PJC001','JJC001',null);
Insert into TEST4.WORK_INFO (EMP_CODE,HIRE_DATE,RETIRE_DATE,EMPLOYEEMENT_TYPE_CODE,RETIRE_CAUSE,PROBATION_STATUS,PROBATION_EXPIRE_DATE,PROJECT_CODE,JIKJONG_CODE,EMP_NAME) values ('1002','20170904',null,'EMT001',null,'N',null,'PJC001','JJC001','손창우');
Insert into TEST4.WORK_INFO (EMP_CODE,HIRE_DATE,RETIRE_DATE,EMPLOYEEMENT_TYPE_CODE,RETIRE_CAUSE,PROBATION_STATUS,PROBATION_EXPIRE_DATE,PROJECT_CODE,JIKJONG_CODE,EMP_NAME) values ('1005','20180928',null,null,null,null,null,null,null,null);
--------------------------------------------------------
--  Constraints for Table BUSINESS_PLACE
--------------------------------------------------------

  ALTER TABLE "TEST4"."BUSINESS_PLACE" MODIFY ("BUSINESS_PLACE_CODE" NOT NULL ENABLE);
--------------------------------------------------------
--  Constraints for Table COMPANY
--------------------------------------------------------

  ALTER TABLE "TEST4"."COMPANY" MODIFY ("COMPANY_CODE" NOT NULL ENABLE);
--------------------------------------------------------
--  Constraints for Table EMPLOYEE
--------------------------------------------------------

  ALTER TABLE "TEST4"."EMPLOYEE" MODIFY ("EMP_CODE" NOT NULL ENABLE);
--------------------------------------------------------
--  DDL for Trigger TRG_COMPANYCODE
--------------------------------------------------------

  CREATE OR REPLACE TRIGGER "TEST4"."TRG_COMPANYCODE" 
AFTER INSERT OR DELETE ON COMPANY FOR EACH ROW    
DECLARE
v_seq_code VARCHAR(26);

BEGIN

IF INSERTING THEN 
 SELECT 'CO-'||LPAD(SEQ_CODE.NEXTVAL,2,0) 
 INTO v_seq_code 
 FROM DUAL;
 
  INSERT INTO CODE
  (CODE,
  CODE_NAME,USING_STATUS)
  VALUES
  (v_seq_code,'회사','N');
  
    INSERT INTO DETAIL_CODE
  (CODE,DETAIL_CODE,DETAIL_CODE_NAME,USING_STATUS)
  VALUES
  (v_seq_code
  ,:NEW.COMPANY_CODE
  ,:NEW.COMPANY_NAME
  ,'Y'
  );
ELSE
DELETE FROM CODE WHERE CODE_NAME='회사';
DELETE FROM DETAIL_CODE WHERE DETAIL_CODE=:OLD.COMPANY_CODE;

END IF;
END;
/
ALTER TRIGGER "TEST4"."TRG_COMPANYCODE" ENABLE;
--------------------------------------------------------
--  DDL for Trigger TRG_DEPT
--------------------------------------------------------

  CREATE OR REPLACE TRIGGER "TEST4"."TRG_DEPT" 
AFTER INSERT OR DELETE ON DEPARTMENT FOR EACH ROW    
DECLARE
v_seq_code VARCHAR(26);
v_code_name VARCHAR(26);
BEGIN


IF INSERTING THEN 

 SELECT 'CO-'||LPAD(SEQ_CODE.NEXTVAL,2,0) 
 INTO v_seq_code 
 FROM DUAL;
 
  INSERT INTO CODE
  (CODE,
  CODE_NAME,USING_STATUS)
  VALUES
  (v_seq_code,'부서','N');
  
    INSERT INTO DETAIL_CODE
  (CODE,DETAIL_CODE,DETAIL_CODE_NAME,USING_STATUS)
  VALUES
  (v_seq_code
  ,:NEW.DEPT_CODE
  ,:NEW.DEPT_NAME
  ,'Y'
  );


ELSE
DELETE FROM CODE WHERE CODE_NAME='부서';
DELETE FROM DETAIL_CODE WHERE DETAIL_CODE=:OLD.DEPT_CODE;

END IF;
END;
/
ALTER TRIGGER "TEST4"."TRG_DEPT" ENABLE;
--------------------------------------------------------
--  DDL for Function F_CALC_TIME
--------------------------------------------------------

  CREATE OR REPLACE FUNCTION "TEST4"."F_CALC_TIME" (
    from_time   varchar2,
    to_time     varchar2
) RETURN varchar2 IS
BEGIN
    RETURN ABS(ROUND((to_date(from_time, 'HH24:MI') - to_date(to_time, 'HH24:MI'))*24,1));
END F_CALC_TIME;

/
--------------------------------------------------------
--  DDL for Function F_PAY_NO_TAX
--------------------------------------------------------

  CREATE OR REPLACE FUNCTION "TEST4"."F_PAY_NO_TAX" (
     v_emp_code VARCHAR2
    ,standard_month VARCHAR2
    ,pay_no_tax_code VARCHAR2 )
RETURN VARCHAR2 
IS 
v_cost VARCHAR2(100);
BEGIN

     SELECT NVL(SUM(COST * DAYS),0) AS SUM_COST 
     INTO v_cost
     FROM ATTD_REST_MGT
     WHERE EMP_CODE=v_emp_code
     AND APPROVAL_STATUS='Y'
     AND START_DATE LIKE standard_month || '%'
     AND END_DATE LIKE standard_month || '%'
     AND OTHER_SUDANG =pay_no_tax_code;
                  
  RETURN  v_cost;
END F_PAY_NO_TAX;

/
--------------------------------------------------------
--  DDL for Function F_SUDANG
--------------------------------------------------------

  CREATE OR REPLACE FUNCTION "TEST4"."F_SUDANG" (sd_code VARCHAR2)
RETURN VARCHAR2 
IS 
v_overtime_sal_rate varchar2(100);
BEGIN

FOR C_OVERTIEM_SAL_RATE IN(
      SELECT OVERTIME_SAL_RATE
      FROM OVERTIME_SAL
      WHERE OVERTIME_SAL_CODE=sd_code) --코드주면 수당률 반환
      LOOP
         v_overtime_sal_rate:= C_OVERTIEM_SAL_RATE.OVERTIME_SAL_RATE;                             
      END LOOP;

  RETURN v_overtime_sal_rate;
END F_SUDANG;

/
--------------------------------------------------------
--  DDL for Package P_HR_ANNUAL
--------------------------------------------------------

  CREATE OR REPLACE PACKAGE "TEST4"."P_HR_ANNUAL" AS 
PROCEDURE P_CREATE_ANNUAL(
		p_emp_code IN VARCHAR2,    			--사원코드
		p_standard_year IN VARCHAR2,   		--기준년도
		p_hire_date IN VARCHAR2,   			--입사일자
		p_error_code OUT VARCHAR2, 			--에러코드
		p_error_msg OUT VARCHAR2   			--에러메시지
);
END;

/
--------------------------------------------------------
--  DDL for Package P_HR_ATTENDANCE
--------------------------------------------------------

  CREATE OR REPLACE PACKAGE "TEST4"."P_HR_ATTENDANCE" AS


PROCEDURE P_CREATE_DAILY_ATTD(
    p_base_day IN VARCHAR2,
    p_error_code OUT VARCHAR2,
    p_error_msg OUT VARCHAR2
);

PROCEDURE P_DAILY_ATTD_CALC(
p_base_day IN VARCHAR2,
    p_error_code OUT VARCHAR2,
    p_error_msg OUT VARCHAR2
);

PROCEDURE P_CREATE_MONTH_ATTD(
p_base_year_month IN VARCHAR2,
   p_error_code OUT VARCHAR2,
    p_error_msg OUT VARCHAR2
);

END;

/
--------------------------------------------------------
--  DDL for Package P_HR_PAY
--------------------------------------------------------

  CREATE OR REPLACE PACKAGE "TEST4"."P_HR_PAY" AS

PROCEDURE P_CALC_PAY(
        p_payment_date IN VARCHAR2,
        p_standard_date IN VARCHAR2,
        p_error_code OUT VARCHAR2,
        p_error_msg OUT VARCHAR2
);
END;

/
--------------------------------------------------------
--  DDL for Package Body P_HR_ANNUAL
--------------------------------------------------------

  CREATE OR REPLACE PACKAGE BODY "TEST4"."P_HR_ANNUAL" AS
PROCEDURE P_CREATE_ANNUAL(
		p_emp_code IN VARCHAR2,    			--사원코드
		p_standard_year IN VARCHAR2,   		--기준년도
		p_hire_date IN VARCHAR2,   			--입사일자
		p_error_code OUT VARCHAR2, 			--에러코드
		p_error_msg OUT VARCHAR2   			--에러메시지
)
IS
   		v_emp_code                    VARCHAR2(100);            --사번
 		v_standard_year   	          VARCHAR2(100);            --기준년도
   		v_base_hire_date              VARCHAR2(100);            --기준년도 + 입사한 월/일
 		v_hire_date       	          VARCHAR2(100);            --입사날짜
 		v_length_of_service           VARCHAR2(100);            --근속년도
 		   v_usable_days            	    VARCHAR2(100);            --사용가능한 연차일수
    v_max_annual                  VARCHAR2(100);            --최고연차
		v_base_annual                 VARCHAR2(100);            --기본연차
		v_used_days                   VARCHAR2(100);            --해당 년도에 사용한 연차 합계
		v_rest_days                   VARCHAR2(100);            --잔여연차 일 수
    v_emp_annual                  VARCHAR2(100);            --1년이상부터, 근속년도 +1일

BEGIN
		v_emp_code := p_emp_code;
		v_standard_year := p_standard_year ;
		v_max_annual:='25';                                      --최고연차:25일.
		v_base_annual:='15';                                     --기본연차:15일.
		v_hire_date:=p_hire_date;
		v_used_days:='0';
    SAVEPOINT SP3;

    BEGIN
        SELECT v_standard_year || SUBSTR(p_hire_date,5,4)
        INTO v_base_hire_date
        FROM DUAL;
    END;

  	BEGIN
      	SELECT
          TO_CHAR(TO_DATE(v_base_hire_date ,'YYYYMMDD'),'YYYY')-TO_CHAR(TO_DATE(v_hire_date ,'YYYYMMDD'),'YYYY')
        INTO v_length_of_service
        FROM DUAL;

        --근속년수가 없을경우 연차생성안됨(입사한지 1년안된경우)
        IF v_length_of_service = 0  THEN
        	--사용가능한연차일수, 잔여연차일수를 0으로 SETTING
         	v_usable_days := '0';
         	v_rest_days := '0';

        --근속년수가 1년이내일때는 기본 연차일수(15일)
        ELSIF	v_length_of_service <= 1  THEN
				v_usable_days := v_base_annual;
				v_rest_days := v_base_annual;

        --1년이상 사원은 기본 15일 그이후는 1년마다 1일씩 증가
        ELSIF	v_length_of_service > 1 THEN
        		BEGIN
            		SELECT v_length_of_service-1
                INTO v_emp_annual
                FROM DUAL;

                v_usable_days:=v_base_annual+v_emp_annual;
                v_rest_days:=v_base_annual+v_emp_annual;

                IF v_usable_days>=25     -- 최대 연차 25일 이상은 무조건 25일로 변경.
                THEN
               		v_usable_days:=v_max_annual;
            			v_rest_days:=v_max_annual;
                END IF;

            EXCEPTION WHEN OTHERS THEN
           		p_error_code:=-1;
                p_error_msg:='1년이상 근속 계산중 오류가 발생하였습니다. ';
                ROLLBACK TO SP3;
                RETURN;
        		END;
        END IF;

    EXCEPTION WHEN OTHERS THEN
      p_error_code:=-1;
      p_error_msg:='사원의 근속년수/연차사용 일 수 계산 중 오류가 발생하였습니다.';
      ROLLBACK TO SP3;
      RETURN;
    END;

	--연차관리테이블에 INSERT
	BEGIN
      INSERT INTO ANNUAL_MGT(EMP_CODE, STANDARD_YEAR, REST_DAYS, USABLE_DAYS, USED_DAYS, LENGTH_OF_SERVICE) VALUES( v_emp_code, v_standard_year, v_rest_days, v_usable_days, v_used_days, v_length_of_service);
      COMMIT;

      EXCEPTION WHEN OTHERS THEN
      p_error_code:=-1;
      p_error_msg:='연차관리테이블에 데이터 INSERT중 오류가 발생하였습니다.';
      ROLLBACK TO SP3;
      RETURN;
	END;

  p_error_code:=0;
  p_error_msg:='연차관리테이블에 데이터 INSERT를 성공하였습니다.';

END P_CREATE_ANNUAL;
END P_HR_ANNUAL;

/
--------------------------------------------------------
--  DDL for Package Body P_HR_ATTENDANCE
--------------------------------------------------------

  CREATE OR REPLACE PACKAGE BODY "TEST4"."P_HR_ATTENDANCE" AS

PROCEDURE P_CREATE_DAILY_ATTD(
         p_base_day IN VARCHAR2,
          p_error_code OUT VARCHAR2,
          p_error_msg OUT VARCHAR2
)
IS
   v_close_yn VARCHAR2(256);                      --마감여부
   v_yoil VARCHAR2(256);                             --요일
    v_holiday_yn VARCHAR2(256);                       --휴일여부
    v_holiday_date VARCHAR2(256);                    --휴일날짜
    v_holiday_type VARCHAR2(256);                    --휴일타입

    v_base_attend_time VARCHAR2(256);                 --기본출근시각
    v_base_quit_time VARCHAR2(256);                --기본퇴근시각
    v_base_over_time VARCHAR2(256);                --기본연장시각
    v_base_night_time VARCHAR2(256);                  --기본심야시각
    v_base_lunch_start_time VARCHAR2(256);               --기본점심시작시각
    v_base_lunch_end_time VARCHAR2(256);               --기본점심종료시각
    v_apply_year VARCHAR2(256);                          --기준년도
    v_temp VARCHAR2(256);
    v_sdf VARCHAR2(256);
    
     
     v_common_quit_time VARCHAR2(256); --일반퇴근시간
     v_after_mn_quit_time VARCHAR2(256); --심야 자정넘어서 퇴근시간
     
     

BEGIN
    v_holiday_yn:='Y';
    v_temp:='';
    v_apply_year :='2018';      --현재 기준 년도
   SAVEPOINT SP1;


   -- *************************************************************************
    --  회사 기초 근무시간 가져오기.(출근퇴근타입코드값 입력할때 이용)
    -- *************************************************************************

   BEGIN
     SELECT
        ATTEND_TIME,
        QUIT_TIME,
        OVER_TIME,
        NIGHT_TIME,
        LUNCH_START_TIME,
        LUNCH_END_TIME
     INTO
        v_base_attend_time,            --기본출근시각
       v_base_quit_time,              --기본퇴근시각
        v_base_over_time,              --기본연장시각
         v_base_night_time,              --기본심야시각
         v_base_lunch_start_time,         --기본점심시작시간
          v_base_lunch_end_time       --기본점심종료시간
       FROM
           BASE_WORK_TIME
      WHERE
           APPLY_YEAR=v_apply_year;

      EXCEPTION
           WHEN NO_DATA_FOUND THEN
             p_error_code:='-1';
            p_error_msg:=' 해당년도에 등록된 회사 기본근무시간이 없습니다.';
            ROLLBACK TO SP1;
            RETURN;
  END;

   -- **************************************************************************
    -- 마감된 일자는 일근태관리(DAY_ATTD_MGT)에서 삭제안하고 프로시저 종료.
    -- 마감되지 않은 일자는 일근태관리(DAY_ATTD_MGT)에서 삭제후 새로운 데이터 삽입.
    -- 마감구분 ( 마감 = 'Y' , 마감안함 = 'N')
    -- 새로운 마감목록이 들어왓을경우 마감취소후 다시마감
    -- ************************************************************************

   BEGIN
       SELECT
           DISTINCT(CLOSE_YN)
         INTO v_close_yn         -- 마감여부 
      FROM
         DAY_ATTD_MGT            -- 일근태관리
      WHERE
         BASIC_DAY = p_base_day;  

      EXCEPTION
         WHEN OTHERS THEN
           p_error_code:='0';
            p_error_msg:='Continue Procedure';
  END;

      -- 기준일의 데이터가 마감되어있으면 프로시저 종료
  IF v_close_yn = 'Y' THEN
     p_error_code:='0';
    p_error_msg:='P_CREATE_DAILY_ATTD success';
     RETURN;

   -- ************************************************************************
    -- 일근태현황(DAY_ATTD_MGT) 테이블에 기준일에 대한 데이터를 넣는다
    -- 마감시키지않고 다시 프로시저 호출하엿을때 기준일의 일근태현황 데이터를 모두 지운다
    -- ************************************************************************

  ELSE

  BEGIN
       DELETE FROM
            DAY_ATTD_MGT
      WHERE
            BASIC_DAY=p_base_day;

      -- 예외발생시 프로시저 종료
      EXCEPTION
        WHEN OTHERS THEN
           p_error_code:='-1';
          p_error_msg:='기준일의 일근태현황(DAY_ATTD_MGT) 데이터 삭제실패';
          ROLLBACK TO SP1;
          RETURN;
  END;

  --모든사원을 forin으로 돌려서 모든사원의 일근태계산한다

   FOR FOR_EMPLOYEE IN(
       SELECT * FROM EMPLOYEE
  )LOOP
     BEGIN
           INSERT INTO
                      DAY_ATTD_MGT(
                    EMP_CODE,
                    BASIC_DAY,
                    CLOSE_YN
            )VALUES(
                        FOR_EMPLOYEE.EMP_CODE,
                      p_base_day,
                      'N'
            );

        EXCEPTION
           WHEN DUP_VAL_ON_INDEX THEN     -- 무결성 제약조건 위반
                p_error_code:='-1';
              p_error_msg:='데이터가 이미 존재합니다.';
              ROLLBACK TO SP1;
              RETURN;
          WHEN OTHERS THEN
                p_error_code:='-1';
              p_error_msg:='기준일 데이터 생성 실패.';
              ROLLBACK TO SP1;
              RETURN;
     END;
  END LOOP;
  
      -- ************************************************************************
    -- 기준일에 해당하는 요일을 구하여 일근태관리(DAY_ATTD_MGT) 데이터를 업데이트한다.
    -- ************************************************************************

  BEGIN
       SELECT
           TO_CHAR(TO_DATE(p_base_day,'YYYYMMDD'),'DAY','NLS_DATE_LANGUAGE=Korean') -- 무슨 요일인지 구해서 
      INTO v_yoil -- 변수에 담아준다.
      FROM dual;

      UPDATE
           DAY_ATTD_MGT
      SET
           DAILY=v_yoil
      WHERE
           BASIC_DAY=p_base_day; -- 변수에 담아준 요일을 DAY_ATTD_MGT 테이블에 기준일에 해당하는 칼럼에 넣어준다.
  END;


      -- ************************************************************************
    -- 근무일구분(현재날짜가 휴일인지 평일인지 구분한다)
    -- AQC009 휴일
    -- AQC010 정상근무일
    -- ************************************************************************
    
    
     
     BEGIN
      SELECT
           BASIC_DAY
      INTO v_holiday_date
      FROM
           HOLIDAY_MGT
      WHERE BASIC_DAY=p_base_day;

      EXCEPTION
         WHEN NO_DATA_FOUND THEN
           v_holiday_yn := 'N';
   END;

   
  IF  v_holiday_yn='Y' OR v_yoil='토요일' OR v_yoil='일요일' THEN-- 기준일이 휴일이라면
     UPDATE
           DAY_ATTD_MGT
      SET
           attd_day_type='AQC009' 
      WHERE
           BASIC_DAY=p_base_day;
            
  ELSE  -- 기준일이 근무일이라면

      UPDATE
           DAY_ATTD_MGT
      SET
           attd_day_type='AQC010'
      WHERE
           BASIC_DAY=p_base_day;

   END IF;


    -- ************************************************************************
    -- 출근시간이 없는 사원 처리 ( 휴일 고려 ) 먼저 휴무인지 결근인지 싹업데이트시킨후 후에 출근시간이
    -- 잇는사원은 업데이트를 하여 처리시킨다
   -- NO_DATA_FOUND 시 평일
    -- ************************************************************************

  IF v_holiday_yn='N' THEN
       BEGIN
           UPDATE
                DAY_ATTD_MGT
          SET
                ATTEND_TYPE_CODE = 'AQC007',
               QUIT_TYPE_CODE = 'AQC007'
          WHERE
               ATTEND_TIME IS NULL
          AND
               BASIC_DAY=p_base_day;

          EXCEPTION
               WHEN OTHERS THEN
                     p_error_code:='-1';
                   p_error_msg:='평일 결근처리 실패.';
                   ROLLBACK TO SP1;
                      RETURN;
      END;

  ELSE  --휴일
     BEGIN
          SELECT HOLIDAY_TYPE
            INTO v_holiday_type
           FROM HOLIDAY_MGT
          WHERE BASIC_DAY=p_base_day;

    IF v_holiday_type = 'HGC001' THEN
          UPDATE
              DAY_ATTD_MGT
        SET
              ATTEND_TYPE_CODE = 'AQC009',  --휴일
            QUIT_TYPE_CODE = 'AQC009'
        WHERE
              ATTEND_TIME IS NULL
        AND
              BASIC_DAY=p_base_day;

    -- ************************************************************************
      --휴일타입이 유급휴일이면 출/퇴근 타입을 유급휴일로 SETTING
    -- ************************************************************************
    ELSE
         UPDATE
              DAY_ATTD_MGT
        SET
              ATTEND_TYPE_CODE = 'AQC008',
            QUIT_TYPE_CODE = 'AQC008'
        WHERE
              ATTEND_TIME IS NULL
        AND
              BASIC_DAY=p_base_day;
    END IF;

      EXCEPTION
            WHEN OTHERS THEN
                  p_error_code:='-1';
              p_error_msg:='유/무급휴일처리 실패.';
              ROLLBACK TO SP1;
              RETURN;
    END;
  END IF;





    -- ************************************************************************
    -- 승인된 일근태(DAILY_ATTD) 데이터로 일근태관리(DAILY_ATTD_MGT) 데이터를 업데이트한다
    -- 출근 ADC001
    -- 퇴근 ADC002
    -- 외출 ADC003
    -- 귀사 ADC004
    -- 연장근무 AQC001
    -- 심야근무 AQC002
    -- 지각    AQC003
    -- 정상출근 AQC004
    -- 정상퇴근 AQC005
    -- 조퇴    AQC006
    -- 결근    AQC007
    -- 휴무    AQC008
    -- ************************************************************************

   FOR FOR_DAY_ATTD IN(
       SELECT
            BASIC_DAY,
          E.EMP_CODE EMP_CODE,
          ATTD_TYPE_CODE,
          TIME,
          E.EMP_NAME EMP_NAME
      FROM
           DAY_ATTD DA, EMPLOYEE E
      WHERE
           BASIC_DAY=p_base_day
      AND
           APPROVAL_STATUS = 'Y'
      AND DA.EMP_CODE=E.EMP_CODE
  )LOOP

        --출근시간 업데이트(타입이 출근이고 기준시간보다작거나 같을때) 정상출근처리시킨다

  IF FOR_DAY_ATTD.ATTD_TYPE_CODE='ADC001' AND FOR_DAY_ATTD.TIME <= v_base_attend_time THEN
           BEGIN
               UPDATE
                   DAY_ATTD_MGT
              SET
                   ATTEND_TIME=FOR_DAY_ATTD.TIME,
                  ATTEND_TYPE_CODE='AQC004'
                  --QUIT_TYPE_CODE=NULL
              WHERE
                   EMP_CODE=FOR_DAY_ATTD.EMP_CODE
              AND
                    BASIC_DAY=FOR_DAY_ATTD.BASIC_DAY;

              EXCEPTION
                   WHEN OTHERS THEN
                       p_error_code:='-1';
                      p_error_msg:='정상출근데이터 업데이트 실패.';
                      ROLLBACK TO SP1;
                       RETURN;
          END;
      END IF;

           --지각시간 업데이트 (타입이 출근이고 시간이 기준출근시간보다 초과하엿을경우) 지각 처리 시킨다

       IF FOR_DAY_ATTD.ATTD_TYPE_CODE='ADC001' AND FOR_DAY_ATTD.TIME > v_base_attend_time THEN
           BEGIN
               UPDATE
                   DAY_ATTD_MGT
              SET
                   ATTEND_TIME=FOR_DAY_ATTD.TIME,
                  ATTEND_TYPE_CODE='AQC003'
                  --QUIT_TYPE_CODE=''
              WHERE
                   EMP_CODE=FOR_DAY_ATTD.EMP_CODE
              AND
                    BASIC_DAY=FOR_DAY_ATTD.BASIC_DAY;

              EXCEPTION
                   WHEN OTHERS THEN
                       p_error_code:='-1';
                      p_error_msg:='출근데이터 -지각 업데이트 실패.';
                      ROLLBACK TO SP1;
                       RETURN;
          END;
      END IF;
      
      
        --퇴근시간 업데이트 (타입이 퇴근이고 시간이 기준퇴근시간과 같을경우) 정상퇴근처리한다 (연장근무신청 안했을 경우 퇴근 어떤시간에 찍던 기본근무시간 찍히도록)

      IF FOR_DAY_ATTD.ATTD_TYPE_CODE='ADC002' AND FOR_DAY_ATTD.TIME >= v_base_quit_time AND FOR_DAY_ATTD.TIME<0 THEN
           BEGIN
               UPDATE
                   DAY_ATTD_MGT
              SET
                   QUIT_TIME=v_base_quit_time,
                  QUIT_TYPE_CODE='AQC005'
              WHERE
                   EMP_CODE=FOR_DAY_ATTD.EMP_CODE
              AND
                 BASIC_DAY=FOR_DAY_ATTD.BASIC_DAY;

              EXCEPTION
                   WHEN OTHERS THEN
                       p_error_code:='-1';
                      p_error_msg:='퇴근 데이터 업데이트 실패.';
                      ROLLBACK TO SP1;
                       RETURN;
          END;
      ELSE  --자정 후 심야 퇴근 찍었을때
       BEGIN
               UPDATE
                   DAY_ATTD_MGT
              SET
                   QUIT_TIME=v_base_quit_time,
                  QUIT_TYPE_CODE='AQC005'
              WHERE
                   EMP_CODE=FOR_DAY_ATTD.EMP_CODE
              AND
                 BASIC_DAY=FOR_DAY_ATTD.BASIC_DAY;

              EXCEPTION
                   WHEN OTHERS THEN
                       p_error_code:='-1';
                      p_error_msg:='퇴근 데이터 업데이트 실패.';
                      ROLLBACK TO SP1;
                       RETURN;
          END;

      END IF;
           

       IF FOR_DAY_ATTD.ATTD_TYPE_CODE = 'ADC002' AND FOR_DAY_ATTD.TIME < v_base_quit_time AND FOR_DAY_ATTD.TIME > v_base_attend_time THEN
            BEGIN
                UPDATE
                   DAY_ATTD_MGT
                SET

                   EARLY_LEAVE_TIME=FOR_DAY_ATTD.TIME,
                  QUIT_TYPE_CODE='AQC006'
                WHERE
                   EMP_CODE=FOR_DAY_ATTD.EMP_CODE
                AND
                    BASIC_DAY=FOR_DAY_ATTD.BASIC_DAY;
                EXCEPTION
                   WHEN OTHERS THEN
                       p_error_code:='-1';
                      p_error_msg:='조퇴 데이터 업데이트 실패.';
                      ROLLBACK TO SP1;
                       RETURN;
            END;
        END IF;


        IF FOR_DAY_ATTD.ATTD_TYPE_CODE = 'ADC003' THEN
            BEGIN
                UPDATE
                   DAY_ATTD_MGT
                SET
                   LEAVE_TIME=FOR_DAY_ATTD.TIME
                WHERE
                   EMP_CODE=FOR_DAY_ATTD.EMP_CODE
                AND
                    BASIC_DAY=FOR_DAY_ATTD.BASIC_DAY;

                EXCEPTION
                   WHEN OTHERS THEN
                       p_error_code:='-1';
                      p_error_msg:='외출 데이터 업데이트 실패.';
                      ROLLBACK TO SP1;
                       RETURN;
            END;
        END IF;


        IF FOR_DAY_ATTD.ATTD_TYPE_CODE = 'ADC004' THEN
            BEGIN
                UPDATE
                   DAY_ATTD_MGT
                SET
                   RETURN_TIME=FOR_DAY_ATTD.TIME
                WHERE
                   EMP_CODE=FOR_DAY_ATTD.EMP_CODE
                AND
                    BASIC_DAY=FOR_DAY_ATTD.BASIC_DAY;

                EXCEPTION
                   WHEN OTHERS THEN
                       p_error_code:='-1';
                      p_error_msg:='귀사 데이터 업데이트 실패.';
                      ROLLBACK TO SP1;
                       RETURN;
            END;
            
            
        END IF;

  END LOOP;
  
                BEGIN
                 SELECT TIME
                 INTO v_common_quit_time    --일반퇴근시간
                 FROM
                   DAY_ATTD
                 WHERE
                     BASIC_DAY=p_base_day
                 AND ATTD_TYPE_CODE='ADC002'
                 AND TIME>0900;
                 EXCEPTION
               WHEN NO_DATA_FOUND THEN
                   v_common_quit_time := 'N';  --일반퇴근이 안찍혔을때 N 이라고 값을 준다
                END;
               
               BEGIN
                 SELECT TIME
                  INTO v_after_mn_quit_time --자정이후퇴근시간
                  FROM
                   DAY_ATTD
                  WHERE
                      BASIC_DAY=p_base_day+1 --다음날 기준으로
                  AND ATTD_TYPE_CODE='ADC002'
                  AND TIME<0900;  --퇴근시간이 9시 안으로 일경우
                   EXCEPTION
               WHEN NO_DATA_FOUND THEN
                   v_after_mn_quit_time := 'N'; --자정 넘어 심야퇴근시간이 없으면 N 이라고 설정
                END; 
  
  
--****************************************************************
--   신청해서 승인된 연장,심야 근무일 경우 코드 넣기 
--****************************************************************

    FOR for_over_night_mgt IN (    --연장심야신청에서 승인된것만 돌림
       SELECT
           *
        FROM
           OVER_NIGHT_TIME_MGT
        WHERE
           BASIC_DAY=p_base_day 
        AND
            APPROVAL_STATUS='Y'
    )LOOP
       --연장,심야근무 업데이트
       IF for_over_night_mgt.type = '연장근무' THEN
          BEGIN
              UPDATE
                  DAY_ATTD_MGT
              SET
                  QUIT_TIME=for_over_night_mgt.TO_TIME, --연장심야신청에 있는 신청시각을 퇴근시각으로 업데이트
                  ATTEND_TYPE_CODE = 'AQC001', --연장근무시작
                  QUIT_TYPE_CODE = 'AQC001'  --데이터에만 들어가고 그리드에는 안뿌려져서 상관없긴함.
              WHERE
                   BASIC_DAY = for_over_night_mgt.BASIC_DAY
              AND
                  EMP_CODE = for_over_night_mgt.EMP_CODE;
              EXCEPTION
                   WHEN OTHERS THEN
                       p_error_code:='-1';
                        p_error_msg:='연장근무코드 업데이트 실패.';
                        ROLLBACK TO SP1;
                       RETURN;
          END;
          
          ELSE --심야근무
          
           IF  v_common_quit_time='N' AND v_after_mn_quit_time='N' THEN --퇴근이 안찍혔을 경우, 퇴근시각 0으로 셋팅
           v_common_quit_time:='0'; --일근태에서 가져올때 값넣었을때 사용했던 거 연장심야신청에서 퇴근시각가져오기때문에 지금은 필요없음
           v_after_mn_quit_time:='0';  
           ELSE
     
            IF v_common_quit_time='N' AND v_after_mn_quit_time!='N' THEN --심야 자정 넘어서  즉 당일 퇴근이 없으면서 다음날 0~9시사이에 퇴근이 찍힌 경우
           
           BEGIN
                UPDATE
                   DAY_ATTD_MGT
                SET
                  QUIT_TIME=for_over_night_mgt.TO_TIME,
                  QUIT_TYPE_CODE='AQC002',
                  ATTEND_TYPE_CODE = 'AQC002'
                WHERE
                     EMP_CODE=for_over_night_mgt.EMP_CODE
                AND
                    BASIC_DAY=for_over_night_mgt.BASIC_DAY;
                EXCEPTION
                   WHEN OTHERS THEN
                       p_error_code:='-1';
                        p_error_msg:='심야근무코드 업데이트 실패.';
                        ROLLBACK TO SP1;
                       RETURN;
                END;
                
                ELSE--자정전 퇴근
                 BEGIN
              UPDATE
                  DAY_ATTD_MGT
              SET
                  QUIT_TIME=v_common_quit_time,
                  ATTEND_TYPE_CODE = 'AQC002',
                  QUIT_TYPE_CODE = 'AQC002'
              WHERE
                   BASIC_DAY = for_over_night_mgt.BASIC_DAY
              AND
                  EMP_CODE = for_over_night_mgt.EMP_CODE;
              EXCEPTION
                   WHEN OTHERS THEN
                       p_error_code:='-1';
                        p_error_msg:='심야근무코드 업데이트 실패.';
                        ROLLBACK TO SP1;
                       RETURN;
              END;
             END IF; --심야근무 상세구분 IF종료
           END IF; --일근태값 있을때 없을때 , 일근태값 퇴근시각으로 안넣을거면 이것도 필요가 없다.
          
          
          
        END IF;--심야근무 IF종료

    END LOOP;



    -- ************************************************************************
    -- 연차 테이블의(DAY_ANNUL) 데이터로 일근태관리(DAY_ATTD_MGT) 데이터를 업데이트한다
    -- 연차 AQC013
    -- ************************************************************************
    --연차가 있는 경우 연차기간을 between절로 구하여 연차를 업데이트시킨다

   FOR for_day_annul IN (
       SELECT
           *
        FROM
           DAY_ANNUAL
        WHERE
           p_base_day BETWEEN START_DATE AND END_DATE
        AND
            APPROVAL_STATUS='Y'
    )LOOP
       --연차 업데이트(연차)
       IF for_day_annul.ANNUAL_CODE = 'AQC013' THEN
          BEGIN
              UPDATE
                  DAY_ATTD_MGT
              SET
                  ATTEND_TYPE_CODE = 'AQC013',
                  QUIT_TYPE_CODE = 'AQC013'
              WHERE
                   BASIC_DAY = p_base_day
              AND
                  EMP_CODE = for_day_annul.EMP_CODE;
              EXCEPTION
                   WHEN OTHERS THEN
                       p_error_code:='-1';
                        p_error_msg:='연차 데이터 업데이트 실패.';
                        ROLLBACK TO SP1;
                       RETURN;
          END;
        END IF;

    END LOOP;

   -- ************************************************************************
    -- 승인된 근태외(ATTD_REST_MGT) 데이터로 일근태관리(DAY_ATTD_MGT) 데이터를 업데이트한다
    -- 출장 AQC011
    -- 교육 AQC012
    -- ************************************************************************
    -- 근태외 신청이 잇는경우 between절로 기간을 구한뒤 그기간에대한 일근태를 계산한다

   FOR FOR_ATTD_REST IN (
       SELECT *
      FROM
           ATTD_REST_MGT
      WHERE
           p_base_day BETWEEN START_DATE AND END_DATE
      AND
           APPROVAL_STATUS = 'Y'
  )LOOP

       IF FOR_ATTD_REST.ATTD_REST_CODE = 'ASC002' THEN
          BEGIN
              UPDATE
                  DAY_ATTD_MGT
              SET
                  ATTEND_TYPE_CODE = 'AQC011',
                  QUIT_TYPE_CODE = 'AQC011',
                  ATTEND_TIME= v_base_attend_time,
                  QUIT_TIME= v_base_quit_time
              WHERE
                   BASIC_DAY = p_base_day
              AND
                  EMP_CODE = FOR_ATTD_REST.EMP_CODE;

              EXCEPTION
                   WHEN OTHERS THEN
                       p_error_code:='-1';
                        p_error_msg:='근태외타입(출장) 데이터 업데이트 실패.';
                        ROLLBACK TO SP1;
                       RETURN;
          END;
      END IF;


      IF FOR_ATTD_REST.ATTD_REST_CODE = 'ASC003' THEN
          BEGIN
              UPDATE
                  DAY_ATTD_MGT
              SET
                 ATTEND_TYPE_CODE = 'AQC012',
                 QUIT_TYPE_CODE = 'AQC012',
                 ATTEND_TIME= v_base_attend_time,
                 QUIT_TIME=v_base_quit_time
              WHERE
                   BASIC_DAY = p_base_day
              AND
                  EMP_CODE = FOR_ATTD_REST.EMP_CODE;

              EXCEPTION
                   WHEN OTHERS THEN
                       p_error_code:='-1';
                      p_error_msg:='근태외타입(교육) 데이터 업데이트 실패.';
                      ROLLBACK TO SP1;
                       RETURN;
          END;
      END IF;

  END LOOP;
   COMMIT;

  BEGIN
      P_DAILY_ATTD_CALC(p_base_day,p_error_code,p_error_msg);
  END;

END IF;
    p_error_code:='0';
   p_error_msg:='P_CREATE_DAILY_ATTD Success ';
END P_CREATE_DAILY_ATTD;

--일근태를 계산하는 프로시저



PROCEDURE P_DAILY_ATTD_CALC(
      p_base_day IN VARCHAR2,            --기준일
      p_error_code OUT VARCHAR2,      --에러코드
      p_error_msg OUT VARCHAR2         --에러메세지
)
IS
      v_base_attend_time VARCHAR2(256);          --기본출근시각
      v_base_quit_time VARCHAR2(256);             --기본퇴근시각
      v_base_over_time VARCHAR2(256);             --기본연장시각
      v_base_night_time VARCHAR2(256);             --기본심야시각
      v_base_lunch_start_time VARCHAR2(256);       --기본점심시작시각
      v_base_lunch_end_time VARCHAR2(256);       --기본점심종료시각
      v_base_lunch_hour VARCHAR2(256);             --점심시간

      v_base_dinner_start_time VARCHAR2(256);       --기본저녁시작시각
      v_base_dinner_end_time VARCHAR2(256);       --기본저녁종료시각
      v_base_dinner_hour VARCHAR2(256);             --저녁시간

      v_attend_time VARCHAR2(256);                --출근시각
      v_quit_time VARCHAR2(256);                   --퇴근시각
      v_leave_time VARCHAR2(256);                   --외출시각
      v_return_time VARCHAR2(256);                   --귀사시각
      v_early_leave_time VARCHAR2(256);            --조퇴시각

      v_work_hour VARCHAR2(256);                   --근무시간
      v_leave_hour VARCHAR2(256);                   --외출시간
      v_late_hour VARCHAR2(256);                   --지각시간
      v_over_work_hour VARCHAR2(256);             --연장시간
      v_night_work_hour VARCHAR2(256);             --심야시간

      v_attend_type VARCHAR2(256);                --근태 시간계산(출근,지각)
      v_quit_type VARCHAR2(256);                   --근태 시간계산 (연장,심야,퇴근,조퇴)
    v_apply_year VARCHAR2(256);                      --기준년도
      v_approval_code VARCHAR2(256);             --승인여부체크
        
         v_common_quit_time VARCHAR2(256); --일반퇴근시간
     v_after_mn_quit_time VARCHAR2(256); --심야 자정넘어서 퇴근시간
        
BEGIN
   v_apply_year :='2018';      --현재 기준 년도
   SAVEPOINT SP2;

   -- *************************************************************************
    --  회사 기초 근무시간 가져오기.
    -- *************************************************************************

   BEGIN
       SELECT
              ATTEND_TIME,
            QUIT_TIME,
            OVER_TIME,
            NIGHT_TIME,
            LUNCH_START_TIME,
            LUNCH_END_TIME,
             DINNER_START_TIME,
            DINNER_END_TIME
        INTO
              v_base_attend_time,          --기본출근시각
             v_base_quit_time,             --기본퇴근시각
            v_base_over_time,             --기본연장시각
            v_base_night_time,             --기본심야시각
            v_base_lunch_start_time,       --기본점심시작시각
            v_base_lunch_end_time,          --기본점심종료시각
        v_base_dinner_start_time,               --기본저녁시작시각
            v_base_dinner_end_time           --기본저녁종료시각
       FROM
           BASE_WORK_TIME
      WHERE
           APPLY_YEAR=v_apply_year;

      EXCEPTION
           WHEN NO_DATA_FOUND THEN
                  p_error_code:='-1';
                p_error_msg:='등록된 회사기초시간이 없습니다.';
                ROLLBACK TO SP2;
                  RETURN;
  END;

  --점심시간계산
  v_base_lunch_hour:=F_CALC_TIME(v_base_lunch_start_time,v_base_lunch_end_time);

    --저녁시간계산
  v_base_dinner_hour:=F_CALC_TIME(v_base_dinner_start_time,v_base_dinner_end_time);

  FOR FOR_DAY_ATTD_MGT IN(
       SELECT *
      FROM
           DAY_ATTD_MGT
      WHERE
           BASIC_DAY=p_base_day
  )LOOP

  --변수초기화
        v_attend_time:=0;
        v_quit_time:=0;
        v_leave_time:=0;
        v_return_time:=0;
        v_early_leave_time:=0;

        v_work_hour:=0;
        v_late_hour:=0;
        v_over_work_hour:=0;
        v_night_work_hour:=0;
        v_leave_hour:=0;


          v_attend_type:=NULL;
        v_quit_type:=NULL;
        v_approval_code:=NULL;

        --출근타입 SETTING
        v_attend_type:=FOR_DAY_ATTD_MGT.ATTEND_TYPE_CODE;
         
        --퇴근타입 SETTING
        v_quit_type:=FOR_DAY_ATTD_MGT.QUIT_TYPE_CODE;

        --출근시각
        v_attend_time:=FOR_DAY_ATTD_MGT.ATTEND_TIME;

        --퇴근시각
        v_quit_time:=FOR_DAY_ATTD_MGT.QUIT_TIME;

        --외출시각
        v_leave_time:=FOR_DAY_ATTD_MGT.LEAVE_TIME;

        --귀사시각
        v_return_time:=FOR_DAY_ATTD_MGT.RETURN_TIME;

        --조퇴시각
        v_early_leave_time:=FOR_DAY_ATTD_MGT.EARLY_LEAVE_TIME;

      -- 외출시간 계산 : 외출시각이 있다면 귀사시각 - 외출시각
        IF v_leave_time IS NOT NULL THEN
         IF v_return_time >= v_base_lunch_end_time
               AND v_leave_time <= v_base_lunch_start_time THEN
            v_leave_hour := F_CALC_TIME(v_leave_time,v_return_time)-1;
         ELSIF v_leave_time >= v_base_lunch_end_time THEN
               v_leave_hour := F_CALC_TIME(v_leave_time,v_return_time);
         ELSIF v_return_time <= v_base_lunch_start_time THEN
               v_leave_hour := F_CALC_TIME(v_leave_time,v_return_time);
         END IF;
      ELSE
            v_leave_hour := 0;
      END IF;

      -- 지각시간 계산 :: ( 실제출근시각 > 출근기준시각)일 경우      실제출근시각 - 출근기준시각
      IF v_attend_time > v_base_attend_time THEN
            v_late_hour := F_CALC_TIME(v_base_attend_time,v_attend_time);
      ELSE
            v_late_hour := 0;
      END IF;

      -- 조퇴시, 근무시간계산
      IF v_quit_type = 'AQC006' THEN

            IF    v_early_leave_time > v_base_lunch_start_time THEN
         -- 조퇴시각 > 점심시작시각
          -- 근무시간 =(조퇴시각 - 출근시각)-점심시간
               v_work_hour := F_CALC_TIME(v_attend_time,v_early_leave_time)-v_base_lunch_hour;


            ELSE
         -- 조퇴시각 < 점심시작시각
        -- 근무시간 = (조퇴시각 - 출근시각)
               v_work_hour := F_CALC_TIME(v_attend_time,v_quit_time);
            END IF;
      ELSE --조퇴가 아니면
            -- 연장,심야근무일때(승인허가)
            IF (v_quit_type = 'AQC001' OR v_quit_type ='AQC002') THEN
                   -- 심야근무일때(당일퇴근)
                IF v_quit_time > v_base_night_time THEN
                    -- 연장시간 = 기본심야시각 - 기본연장시각
                    -- 심야시간 = 퇴근시각 - 기본심야시각
                    -- 근무시간 = 퇴근시각 - 출근시각 - 점심,저녁시간 (2시간)
                    v_over_work_hour := F_CALC_TIME(v_base_over_time,v_base_night_time);
                    v_night_work_hour := F_CALC_TIME(v_base_night_time,v_quit_time);
                    v_work_hour :=  F_CALC_TIME(v_attend_time,v_base_quit_time)-v_base_lunch_hour;

                     -- 연장근무일때
                ELSIF v_base_night_time > v_quit_time AND v_quit_time > v_base_over_time THEN
                      --연장시간 = 퇴근시각 - 기본연장시간
                    --심야시간 = 0
                    --근무시간 = 퇴근시각 - 출근시각 -1(점심시간)
                    v_over_work_hour := F_CALC_TIME(v_base_over_time,v_quit_time);
                    v_night_work_hour := 0;
                    v_work_hour := F_CALC_TIME(v_attend_time,v_base_quit_time)-v_base_lunch_hour;

                -- 심야근무일때(익일퇴근)-자정을 넘어서 퇴근햇을경우 (출근시각 > 퇴근시각)
                ELSIF 0<=v_quit_time AND v_quit_time<0900 THEN   
                    -- 연장시간 = 기본심야시각 - 기본연장시간
                    -- 심야시간 = 퇴근시각 - 기본심야시간 + 24
                    -- 근무시간 = 퇴근시각 - 출근시각 -1(점심시간)
                    v_over_work_hour := F_CALC_TIME(v_base_over_time,v_base_night_time);
                    v_night_work_hour := ROUND((to_date(v_quit_time, 'HH24:MI') - to_date(v_base_night_time, 'HH24:MI'))*24,1)+24;
                    v_work_hour := F_CALC_TIME(v_attend_time,v_base_quit_time)-v_base_lunch_hour;
                      
                
                       
                       
                --기본연장시각 > 퇴근시각
                ELSE
                      --연장시간 = 0
                  --심야시간 = 0
                  --근무시간 = 퇴근시각 - 출근시각 - 점심시간 (1)
                    v_over_work_hour := 0;
                    v_night_work_hour := 0;
                    v_work_hour :=  F_CALC_TIME(v_attend_time,v_quit_time)-v_base_lunch_hour;
                END IF;
            ELSE
                
                  BEGIN
                 SELECT TIME
                 INTO v_common_quit_time    --일반퇴근시간
                 FROM
                   DAY_ATTD
                 WHERE
                     BASIC_DAY=p_base_day
                 AND ATTD_TYPE_CODE='ADC002'
                 AND TIME>0900;
                 EXCEPTION
               WHEN NO_DATA_FOUND THEN
                   v_common_quit_time := 'N';  --일반퇴근이 안찍혔을때 N 이라고 값을 준다
                END;
      
          BEGIN
                 SELECT TIME
                  INTO v_after_mn_quit_time --자정이후퇴근시간
                  FROM
                   DAY_ATTD
                  WHERE
                      BASIC_DAY=p_base_day+1 --다음날 기준으로
                  AND ATTD_TYPE_CODE='ADC002'
                  AND TIME<0900;  --퇴근시간이 9시 안으로 일경우
                   EXCEPTION
               WHEN NO_DATA_FOUND THEN
                   v_after_mn_quit_time := 'N'; --자정 넘어 심야퇴근시간이 없으면 N 이라고 설정
                END; 
                
                
                --출근은 했는데 퇴근을 안한경우 결근처리한다.
                IF v_common_quit_time='N' AND v_after_mn_quit_time='N' AND v_attend_time IS NOT NULL THEN
                      --근무시간 = 0
                    v_work_hour:=0;
                   BEGIN
                       UPDATE
                        DAY_ATTD_MGT
                     SET
                        ATTEND_TYPE_CODE ='AQC007'
                     WHERE
                        BASIC_DAY = p_base_day
                     AND
                        EMP_CODE = FOR_DAY_ATTD_MGT.EMP_CODE;
                 END;
              ELSE
              --정상근무 경우
              --근무시간 = 기본퇴근시간 - 출근시간 - 점심시간
               v_work_hour:=F_CALC_TIME(v_attend_time,v_quit_time)-1 ;
                  END IF;
          END IF;
      END IF;

      --결근 근무시간계산(근무시간 = 0)
    IF v_attend_type = 'AQC007' THEN
           v_work_hour:=0;
    END IF;

          --연차 근무시간계산(근무시간 = 8)
    IF v_attend_type = 'AQC013' THEN
           v_work_hour:=8;
    END IF;

    --외출 시간이 있다면 근무시간 차감
    IF v_leave_hour > 0 THEN
          v_work_hour:=v_work_hour - v_leave_hour;
    END IF;

    BEGIN
       UPDATE
            DAY_ATTD_MGT
      SET
           ATTEND_TIME = v_attend_time,
          QUIT_TIME = v_quit_time,
          LEAVE_TIME = v_leave_time,
          RETURN_TIME = v_return_time,
          EARLY_LEAVE_TIME = v_early_leave_time,
          WORK_HOUR = v_work_hour,
          LATE_HOUR = v_late_hour,
          OVER_WORK_HOUR = v_over_work_hour,
          NIGHT_WORK_HOUR = v_night_work_hour,
          LEAVE_HOUR = v_leave_hour
      WHERE
            BASIC_DAY = p_base_day
      AND
            EMP_CODE = FOR_DAY_ATTD_MGT.EMP_CODE;
    END;
  END LOOP;
  COMMIT;
    p_error_code:='0';
    p_error_msg:='P__DAILY_ATTD_CALC Success ';
END P_DAILY_ATTD_CALC;


--------------------------------------------------------------------------------
--월근태 계산 프로시저

PROCEDURE P_CREATE_MONTH_ATTD(
   p_base_year_month IN VARCHAR2,
    p_error_code OUT VARCHAR2,
    p_error_msg OUT VARCHAR2
)
IS
      v_base_attend_time VARCHAR2(256);                --기본출근시각
    v_base_quit_time VARCHAR2(256);                --기본퇴근시각
     v_base_lunch_start_time VARCHAR2(256);          --기본점심시작시각
    v_base_lunch_end_time VARCHAR2(256);          --기본점심종료시각
     v_base_dinner_start_time VARCHAR2(256);          --기본점심시작시각
    v_base_dinner_end_time VARCHAR2(256);          --기본점심종료시각

    v_basic_work_hour VARCHAR2(256);                --기본근무시간
     v_work_hour VARCHAR2(256);                      --실제근무시간
    v_over_work_hour VARCHAR2(256);                --연장근무시간
    v_night_work_hour VARCHAR2(256);                --심야근무시간
    v_late_hour VARCHAR2(256);                      --지각시간

    v_basic_work_days VARCHAR2(256);                --기본근무일수
    v_weekday_work VARCHAR2(256);                --평일근무일수
    v_absent_days VARCHAR2(256);                   --결근일수
    v_late_days VARCHAR2(256);                      --지각일수
    v_leave_early_days VARCHAR2(256);                --조퇴일수
    v_leave_days VARCHAR2(256);                      --외출일수
    v_attd_rest_days VARCHAR2(256);                   --근태외일수(출장,교육)

    v_holiday_work_days VARCHAR2(256);             --휴일근무일수
    v_holiday_work_hour VARCHAR2(256);             --휴일근무시간
    v_holiday_over_work_hour VARCHAR2(256);       --휴일연장근무시간
    v_holiday_night_work_hour VARCHAR2(256);      --휴일심야근무시간
    v_apply_year VARCHAR2(256);                      --기준년도
    v_close_yn VARCHAR2(256);                         --마감여부

BEGIN
   v_apply_year :='2018';      --현재 기준 년도
   SAVEPOINT SP3;

    -- ************************************************************************
    -- 마감된 월은 월근태관리(MONTH_ATTD_MGT)에서 삭제안하고 프로시저 종료.
    -- 마감되지 않은 월은 월근태관리(MONTH_ATTD_MGT)에서 삭제후 새로운 데이터 삽입.
    -- 마감구분 ( 마감 = 'Y' , 마감안함 = 'N')
    -- 새로운 데이터 프로시저 돌리려면 마감취소후 다시 돌려야함
    -- ************************************************************************

   BEGIN
       SELECT
           DISTINCT(CLOSE_YN)
      INTO v_close_yn
      FROM MONTH_ATTD_MGT
      WHERE
           BASIC_YEAR_MONTH = p_base_year_month;
      EXCEPTION
            WHEN OTHERS THEN
                p_error_code:='0';
              p_error_msg:='Continue Procedure';
  END;

   -- 기준년월의 데이터가 마감되었으면 프로시저 종료
  IF v_close_yn = 'Y' THEN
     p_error_code:='0';
     p_error_msg:='P_CREATE_MONTH_ATTD success';
     RETURN;

  ELSE

    -- *****************************************************************************
    -- 일근태현황(DAY_ATTD_MGT) 데이터를 종합해서 월근태현황(MONTH_ATTD_MGT) 데이터를 업데이트
    -- *****************************************************************************
    -- 기준월의 마감되지않은 데이터를 모두 지운다.

    BEGIN
       DELETE
           MONTH_ATTD_MGT
      WHERE
           BASIC_YEAR_MONTH=p_base_year_month;
      EXCEPTION
            WHEN OTHERS THEN
                p_error_code:='-1';
                p_error_msg:='기준년월의 데이터를 삭제하는데 실패하였습니다.';
                ROLLBACK TO SP3;
                RETURN;
    END;

    -- 월근태현황 테이블에 모든 사원+기준년월 데이터를 넣는다
    FOR for_employee IN (
        SELECT * FROM EMPLOYEE
    )LOOP

      BEGIN
           INSERT INTO
               MONTH_ATTD_MGT(
                      EMP_CODE,
                    BASIC_YEAR_MONTH,
                    CLOSE_YN
              )
          VALUES(
                     for_employee.EMP_CODE,
                   p_base_year_month,
                   'N'
            );

      EXCEPTION
            WHEN others THEN
                   p_error_code:='-1';
                  p_error_msg:='기준월 데이터 생성실패';
                  ROLLBACK TO SP3;
                  RETURN;
      END;
    END LOOP;

  -- *************************************************************************
    --  회사 기초시간 가져오기.
    -- *************************************************************************

   BEGIN
       SELECT
           ATTEND_TIME,
            QUIT_TIME,
            LUNCH_START_TIME,
            LUNCH_END_TIME,
            DINNER_START_TIME,
            DINNER_END_TIME
      INTO
             v_base_attend_time,          --기본출근시각
           v_base_quit_time,             --기본퇴근시각
            v_base_lunch_start_time,    --기본점심시작시각
            v_base_lunch_end_time,    --기본점심종료시각
            v_base_dinner_start_time,    --기본저녁시작시각
            v_base_dinner_end_time    --기본저녁종료시각
       FROM
           BASE_WORK_TIME
      WHERE
           APPLY_YEAR= v_apply_year;
      EXCEPTION
           WHEN NO_DATA_FOUND THEN
                  p_error_code:='-1';
                p_error_msg:='해당년도에 등록된 회사기초시간이 없습니다!!';
                ROLLBACK TO SP3;
                  RETURN;
  END;

    -- ****************************************************************************
    -- 기본근무일수, 기본근무시간 구하기
    -- 기본근무일수 = 해당년도 월의 일수 - 해당년도 월의 휴일일수(HOLIDAY_MGT)
    -- 기본근무시간 = 기본근무일수 * (기본퇴근시각 - 기본출근시각 - 점심시간(점심종료시간-점심시작시간))
    -- ****************************************************************************

  BEGIN
       --기본근무일수 구하기   -토,일,공휴일 제외
        SELECT COUNT(1) CNT INTO v_basic_work_days
           FROM (SELECT TO_CHAR(SDT + LEVEL - 1, 'YYYYMMDD') DT
                 , TO_CHAR(SDT + LEVEL - 1, 'D') D
                  FROM (SELECT TO_DATE(p_base_year_month||'01', 'YYYYMMDD') SDT
                      , LAST_DAY(TO_DATE(p_base_year_month||'01','YYYYMMDD')) EDT
                        FROM DUAL)
         CONNECT BY LEVEL <= EDT - SDT + 1   --for문 처럼 반복함 구글링ㄱㄱ.
         ) A
      , ( SELECT basic_Day FROM HOLIDAY_MGT WHERE basic_Day LIKE p_base_year_month||'%' ) B
      WHERE A.DT = B.basic_Day(+)
      AND A.D NOT IN ('1', '7') --토,일 제외
      AND B.basic_Day IS NULL;
 
 

      --기본근무시간 구하기
      --예를 들어 시간이 6시이면 0600으로 저장되기때문에 100으로 나눠준다.
      v_basic_work_hour:=v_basic_work_days*(v_base_quit_time-v_base_attend_time-(v_base_lunch_end_time-v_base_lunch_start_time))/100;
  END;

    -- ****************************************************************************
    -- 월근태 계산 (평일)
    -- ****************************************************************************
    FOR for_month_attd IN (
       SELECT * FROM
           MONTH_ATTD_MGT
      WHERE
           BASIC_YEAR_MONTH = p_base_year_month
    ) LOOP
          --근무시간 시간총합 계산(AQC010:정상근무일)
         --기준년월의 일근태 테이블에서 정상근무일이고 마감되었을때 각 사원의 근무시간을 계산한다.
        BEGIN
           SELECT
               SUM(WORK_HOUR),
                SUM(OVER_WORK_HOUR),
                SUM(NIGHT_WORK_HOUR),
                SUM(LATE_HOUR)
          INTO
              v_work_hour,v_over_work_hour,v_night_work_hour,v_late_hour
        FROM
              DAY_ATTD_MGT
        WHERE
              EMP_CODE = for_month_attd.EMP_CODE
        AND
              BASIC_DAY LIKE (p_base_year_month || '%')
        AND
              CLOSE_YN = 'Y'
        AND
              ATTD_DAY_TYPE = 'AQC010';
        EXCEPTION
               WHEN no_data_found THEN
                   p_error_code := '-1';
                  p_error_msg := '기준년월일 '||p_base_year_month ||'에 마감된 일자가 없습니다.';
                  ROLLBACK TO SP3;
                  RETURN;
              WHEN others THEN
                   p_error_code := '-1';
                  p_error_msg := '기준년월 근태시간 계산에 실패하였습니다.';
                  ROLLBACK TO SP3;
                  RETURN;

        END;

        --근태일수 계산
        BEGIN
           SELECT
                  COUNT(CASE WHEN ATTEND_TIME IS NOT NULL THEN 1 ELSE NULL END),             --출근일수
                COUNT(CASE WHEN ATTEND_TYPE_CODE = 'AQC007' THEN 1 ELSE NULL END),       --결근일수
                COUNT(CASE WHEN ATTEND_TYPE_CODE = 'AQC003' THEN 1 ELSE NULL END),       --지각일수
                COUNT(CASE WHEN QUIT_TYPE_CODE = 'AQC006' THEN 1 ELSE NULL END),             --조퇴일수
                COUNT(CASE WHEN LEAVE_HOUR != 0 THEN 1 ELSE NULL END)                         --외출일수
          INTO
                  v_weekday_work, v_absent_days, v_late_days, v_leave_early_days, v_leave_days
          FROM
                  DAY_ATTD_MGT
          WHERE
                  EMP_CODE = for_month_attd.EMP_CODE
          AND
                  BASIC_DAY LIKE (p_base_year_month || '%')
          AND
                  CLOSE_YN = 'Y'
          AND
                  ATTD_DAY_TYPE = 'AQC010';
        END;


        --근태외일수 계산(근태외가 휴일에 포함되엇을경우 함께계산) 연차,출장,교육
            --연차는 출근퇴근 시간이 비는데. 출장교육은 0900 ~ 1800 시간 자동 입력됨.
        BEGIN
           SELECT
                COUNT(CASE WHEN ATTEND_TYPE_CODE = 'AQC011' THEN 1
                                WHEN ATTEND_TYPE_CODE = 'AQC012' THEN 1
                           WHEN ATTEND_TYPE_CODE = 'AQC013' THEN 1
                           ELSE NULL
                      END)
          INTO
                 v_attd_rest_days
          FROM
               DAY_ATTD_MGT
          WHERE
               EMP_CODE = for_month_attd.EMP_CODE
          AND
               BASIC_DAY LIKE (p_base_year_month || '%')
          AND
               CLOSE_YN = 'Y';
        END;

      -- ******************************************************************
        -- 계산된 시간 및 일수 업데이트
        -- ******************************************************************

        BEGIN
            UPDATE
                MONTH_ATTD_MGT
            SET
                  BASIC_WORK_HOUR = v_basic_work_hour,
                WORK_HOUR = v_work_hour,
                OVER_WORK_HOUR = v_over_work_hour,
                NIGHT_WORK_HOUR = v_night_work_hour,
                LATE_HOUR = v_late_hour,
                BASIC_WORK_DAYS = v_basic_work_days,
                WEEKDAY_WORK = v_weekday_work,
                ABSENT_DAYS = v_absent_days,
                LATE_DAYS = v_late_days,
                LEAVE_EARLY_DAYS = v_leave_early_days,
                LEAVE_DAYS = v_leave_days,
                ATTD_REST_DAYS = v_attd_rest_days
            WHERE
               BASIC_YEAR_MONTH = p_base_year_month
            AND
               EMP_CODE = for_month_attd.EMP_CODE;

        END;
    END LOOP;

    -- ****************************************************************
    -- 월근태 계산 (휴일)
    -- ****************************************************************

   FOR FOR_MONTH_ATTD_HOLIDAY IN(
       SELECT * FROM
           MONTH_ATTD_MGT
      WHERE
           BASIC_YEAR_MONTH = p_base_year_month
  )LOOP
       --휴일근무시간 시간총합계산(휴일) AQC009 휴일
      BEGIN
           SELECT
                  SUM(WORK_HOUR),
                SUM(OVER_WORK_HOUR),
                SUM(NIGHT_WORK_HOUR)
          INTO
               v_holiday_work_hour,v_holiday_over_work_hour,v_holiday_night_work_hour
          FROM
               DAY_ATTD_MGT
          WHERE
               EMP_CODE = FOR_MONTH_ATTD_HOLIDAY.EMP_CODE
          AND
               BASIC_DAY LIKE (p_base_year_month || '%')
          AND
               CLOSE_YN = 'Y'
          AND
               ATTD_DAY_TYPE = 'AQC009';
      END;

      --근태일수 계산(휴일)
      BEGIN
           SELECT
                --휴일 출근일수
               COUNT(CASE WHEN ATTEND_TIME IS NOT NULL THEN 1 ELSE NULL END)
          INTO
               v_holiday_work_days
          FROM
               DAY_ATTD_MGT
          WHERE
               EMP_CODE = FOR_MONTH_ATTD_HOLIDAY.EMP_CODE
          AND
               BASIC_DAY LIKE (p_base_year_month || '%')
          AND
               CLOSE_YN = 'Y'
          AND
               ATTD_DAY_TYPE = 'AQC009';
      END;

        -- **************************************************************
        -- 계산된 시간 및 일수 업데이트
        -- **************************************************************

      BEGIN
         UPDATE
           MONTH_ATTD_MGT
        SET
          HOLIDAY_WORK_DAYS = v_holiday_work_days,
          HOLIDAY_WORK_HOUR = v_holiday_work_hour,
          HOLIDAY_OVER_WORK_HOUR = v_holiday_over_work_hour,
          HOLIDAY_NIGHT_WORK_HOUR = v_holiday_night_work_hour
        WHERE
           BASIC_YEAR_MONTH = p_base_year_month
        AND
           EMP_CODE = FOR_MONTH_ATTD_HOLIDAY.EMP_CODE;
      END;

  END LOOP;

END IF;
   p_error_code:='0';
   p_error_msg:=v_basic_work_hour;
END P_CREATE_MONTH_ATTD;








END P_HR_ATTENDANCE;

/
--------------------------------------------------------
--  DDL for Package Body P_HR_PAY
--------------------------------------------------------

  CREATE OR REPLACE PACKAGE BODY "TEST4"."P_HR_PAY" AS

PROCEDURE P_CALC_PAY(
          p_payment_date IN VARCHAR2, --지급일자
          p_standard_date IN VARCHAR2,
          p_error_code OUT VARCHAR2,
          p_error_msg OUT VARCHAR2
)
IS
           
--*********************************************************************************
--MONTH_ATTD_MGT 테이블 에서 가져올것
--*********************************************************************************
                v_close_yn VARCHAR2(100);

                v_basic_work_hour VARCHAR2(100);
                v_work_hour VARCHAR2(100);
                v_over_work_hour VARCHAR2(100);
                v_night_work_hour VARCHAR2(100);
                v_basic_work_days VARCHAR2(100);
                v_weekday_work VARCHAR2(100);
                v_holiday_work_days VARCHAR2(100);
                v_holiday_work_hour VARCHAR2(100);
                v_holiday_over_work_hour VARCHAR2(100);
                v_holiday_night_work_hour VARCHAR2(100);
                v_absent_days VARCHAR2(100);
                v_late_days VARCHAR2(100);
                v_late_hour VARCHAR2(100);
                v_leave_early_days VARCHAR2(100);
                v_leave_days VARCHAR2(100);
                v_attd_rest_days VARCHAR2(100);  

--********************************************************************************
--hobong 테이블 에서 가져온 것
--*********************************************************************************

v_base_sal VARCHAR2(100);
v_bonus VARCHAR2(100);
v_sigub VARCHAR2(100);

--*********************************************************************************
--DEDUCTIONS_TAX_MGT 테이블 에서 가져올것
--*********************************************************************************
v_national_pen_rate VARCHAR2(100);
v_long_term_care_rate VARCHAR2(100);
v_health_insur_rate VARCHAR2(100);
v_employeement_insur_rate VARCHAR2(100);
--*********************************************************************************
--INCOME_TAX_MGT 테이블 에서 가져올것
--*********************************************************************************
  v_income_tax_rate VARCHAR2(100);
  v_local_income_tax_rate VARCHAR2(100);
--*********************************************************************************
--PAY_DEDUCTION 테이블에 담을 변수
--*********************************************************************************
  v_pay_deduction_seq VARCHAR2(100);
  v_emp_code VARCHAR2(100);
  v_payment_date VARCHAR2(100);
  v_price VARCHAR2(100);
  v_pay_deduction_item_code VARCHAR2(100);
  v_pay_deduction_item_name VARCHAR2(100);
  
--*********************************************************************************
--총 소득액(세금 때기 전) 변수 and 계산값 변수
--*********************************************************************************
  v_total_income_price VARCHAR2(100);
  
  v_national_insurance_price VARCHAR2(100); --국민연금보험액
  v_health_insurance_price VARCHAR2(100); --건강보험액
  v_employeement_insurance_price VARCHAR2(100); --고용보험액
  v_income_tax VARCHAR2(100); --소득세
  v_long_term_care_price VARCHAR2(100); --장기요양보험액
  v_local_income_tax VARCHAR2(100); --지방소득세
--*********************************************************************************
--SAL_INPUT 테이블에 담을 변수
--*********************************************************************************
  v_hire_date VARCHAR2(100); --work_info 테이블에서 가져옴
  v_retire_date VARCHAR2(100); --work_info 테이블에서 가져옴
  v_total_salary VARCHAR2(100);
  v_total_deduction_price VARCHAR2(100);
  v_chine_payments VARCHAR2(100);
--*********************************************************************************
--SAL_INFO테이블에서 가져온것
--*********************************************************************************
    v_sal_info_hobong VARCHAR2(100);
  --v_hobong VARCHAR2(100);



BEGIN
SAVEPOINT SP1;
    BEGIN
     SELECT DISTINCT(CLOSE_YN) 
      INTO v_close_yn
      FROM MONTH_ATTD_MGT
      WHERE BASIC_YEAR_MONTH = p_standard_date;  
     END;     
  
   IF v_close_yn ='N' THEN
       p_error_code := '-1';
       p_error_msg := '해당월근태가 마감되지 않았습니다.';
       RETURN;
   ELSE     --해당 귀속년월이 마감되었을 경우
      SEQUENCE_RESET ('PAY_DEDUCTION_SEQ');         --시퀀스 초기화 :: 급여계산시 다시 데이터를 생성하기 때문에 시퀀스를 리셋시킨다

      BEGIN
       --PAY_DEDUCTION_MGT테이블에 등록된 지급/공제항목을 넣기위해 PAY_DEDUCTION테이블안의 데이터를 삭제한다.
      DELETE FROM PAY_DEDUCTION;
         EXCEPTION
               WHEN OTHERS THEN
                     p_error_code:='-1';
                     p_error_msg:='지급공제 데이터 삭제실패';
                  ROLLBACK TO SP1;
                  RETURN;
      END;

         --SAL_INPUT테이블에 해당지급일의 데이터를 삭제한다.
      BEGIN
            DELETE FROM SAL_INPUT
            WHERE PAYMENT_DATE=p_payment_date;
            EXCEPTION
                WHEN OTHERS THEN
                    p_error_code:='-1';
                    p_error_msg:='상용직급여 데이터 삭제실패';
                     ROLLBACK TO SP1;
                    RETURN;
      END;  
      

      
      
      
  -------------------------------------------------------------------
  FOR C_EMPLOYEE IN(SELECT * FROM EMPLOYEE) LOOP
          
          
           FOR C_MONTH_ATTD_MGT IN(SELECT * FROM MONTH_ATTD_MGT)
           LOOP
          SELECT BASIC_WORK_HOUR 
                 ,WORK_HOUR
                 ,OVER_WORK_HOUR 
                 ,NIGHT_WORK_HOUR
                 ,BASIC_WORK_DAYS 
                 ,WEEKDAY_WORK 
                 ,HOLIDAY_WORK_DAYS
                 ,HOLIDAY_WORK_HOUR
                 ,HOLIDAY_OVER_WORK_HOUR
                 ,HOLIDAY_NIGHT_WORK_HOUR
                 ,ABSENT_DAYS
                 ,LATE_DAYS
                 ,LATE_HOUR
                 ,LEAVE_EARLY_DAYS
                 ,LEAVE_DAYS
                 ,ATTD_REST_DAYS  
         INTO     
                 v_basic_work_hour
                 ,v_work_hour
                 ,v_over_work_hour 
                 ,v_night_work_hour
                 ,v_basic_work_days 
                 ,v_weekday_work 
                 ,v_holiday_work_days
                 ,v_holiday_work_hour
                 ,v_holiday_over_work_hour
                 ,v_holiday_night_work_hour
                 ,v_absent_days
                 ,v_late_days
                 ,v_late_hour
                 ,v_leave_early_days
                 ,v_leave_days
                 ,v_attd_rest_days       
      FROM MONTH_ATTD_MGT 
      WHERE EMP_CODE=C_EMPLOYEE.EMP_CODE 
       AND BASIC_YEAR_MONTH=p_standard_date;
           END LOOP; --월근태마감 종료
           
        
          SELECT HOBONG
          INTO v_sal_info_hobong
          FROM SAL_INFO
          WHERE EMP_CODE=C_EMPLOYEE.EMP_CODE;
       
        --DBMS_OUTPUT.PUT_LINE(C_EMPLOYEE.EMP_CODE);
          SELECT BASE_SAL
                ,BONUS
                ,SIGUB
          INTO 
               v_base_sal
              ,v_bonus
              ,v_sigub
          FROM HOBONG
          WHERE HOBONG=v_sal_info_hobong
          AND POSITION_CODE=C_EMPLOYEE.POSITION_CODE;
        
        
           
           FOR C_PAY_DEDUCTION_MGT IN(
           SELECT * FROM PAY_DEDUCTION_MGT
            )LOOP
           IF C_PAY_DEDUCTION_MGT.PAY_DEDUCTION_TYPE_CODE ='PDC001' THEN --지급일때
               IF C_PAY_DEDUCTION_MGT.TAX_TYPE_CODE='PTC001' THEN --과세일때
                     CASE WHEN C_PAY_DEDUCTION_MGT.PAY_DEDUCTION_ITEM_CODE='P-10'THEN --기본급일때
                              v_price := v_base_sal;
                         WHEN C_PAY_DEDUCTION_MGT.PAY_DEDUCTION_ITEM_CODE='P-20' THEN -- 연장근무수당일때(평일인경우만)
                              v_price :=  v_over_work_hour * v_sigub * F_SUDANG('OVS001');
                          WHEN C_PAY_DEDUCTION_MGT.PAY_DEDUCTION_ITEM_CODE='P-30' THEN --휴일근무수당(휴일기본근무,휴일연장근무,휴일야간근무 합친값)
                              v_price := ( v_holiday_work_hour * v_sigub * F_SUDANG('SA001'))
                                       + ( v_holiday_over_work_hour * v_sigub * F_SUDANG('HOVS001'))
                                       + ( v_holiday_night_work_hour * v_sigub * F_SUDANG('HOVS002'));   
                          WHEN C_PAY_DEDUCTION_MGT.PAY_DEDUCTION_ITEM_CODE='P-40' THEN --야간근무수당
                              v_price :=  v_night_work_hour * v_sigub * F_SUDANG('OVS002');
                          ELSE
                              DBMS_OUTPUT.PUT_LINE('N FOUND DATA');
                          END CASE;
 
               ELSE --비과세일때
            
                CASE WHEN C_PAY_DEDUCTION_MGT.PAY_DEDUCTION_ITEM_CODE='P-50' THEN --식비
                     v_price:= F_PAY_NO_TAX(C_EMPLOYEE.EMP_CODE,p_standard_date,'ETS004'); --식비
                   
                  WHEN C_PAY_DEDUCTION_MGT.PAY_DEDUCTION_ITEM_CODE='P-60' THEN --유류비
                     v_price:= F_PAY_NO_TAX(C_EMPLOYEE.EMP_CODE,p_standard_date,'ETS002');--유류비
   
                  WHEN C_PAY_DEDUCTION_MGT.PAY_DEDUCTION_ITEM_CODE='P-90' THEN --출장수당
                    
                     v_price:= F_PAY_NO_TAX(C_EMPLOYEE.EMP_CODE,p_standard_date,'ETS001'); --출장수당
                 
                  WHEN C_PAY_DEDUCTION_MGT.PAY_DEDUCTION_ITEM_CODE='P-100' THEN --자기계발지원금
                     v_price:= F_PAY_NO_TAX(C_EMPLOYEE.EMP_CODE,p_standard_date,'ETS003'); --자기계발지원금
             
                  WHEN C_PAY_DEDUCTION_MGT.PAY_DEDUCTION_ITEM_CODE='P-110' THEN
                     v_price:=0;
                  ELSE
                     DBMS_OUTPUT.PUT_LINE('T FOUND DATA');
                 END CASE;
                    
               END IF;--과세일때,비과세일때 종료 IF
           ELSE --공제일때
                v_price:=0;
                CASE WHEN C_PAY_DEDUCTION_MGT.PAY_DEDUCTION_ITEM_CODE='P-120'THEN
                      SELECT NATIONAL_PEN_RATE INTO v_national_pen_rate FROM DEDUCTIONS_TAX_MGT WHERE INPUTED_YEAR = (SELECT SUBSTR(p_standard_date,0,4) FROM dual);                     
                WHEN C_PAY_DEDUCTION_MGT.PAY_DEDUCTION_ITEM_CODE='P-130' THEN
                      SELECT LONG_TERM_CARE_RATE INTO v_long_term_care_rate FROM DEDUCTIONS_TAX_MGT WHERE INPUTED_YEAR = (SELECT SUBSTR(p_standard_date,0,4) FROM dual);
                WHEN C_PAY_DEDUCTION_MGT.PAY_DEDUCTION_ITEM_CODE='P-140' THEN
                    SELECT HEALTH_INSUR_RATE INTO v_health_insur_rate FROM DEDUCTIONS_TAX_MGT WHERE INPUTED_YEAR = (SELECT SUBSTR(p_standard_date,0,4) FROM dual);
                WHEN C_PAY_DEDUCTION_MGT.PAY_DEDUCTION_ITEM_CODE='P-150' THEN
                    SELECT EMPLOYEEMENT_INSUR_RATE INTO v_employeement_insur_rate FROM DEDUCTIONS_TAX_MGT WHERE INPUTED_YEAR = (SELECT SUBSTR(p_standard_date,0,4) FROM dual);
                WHEN C_PAY_DEDUCTION_MGT.PAY_DEDUCTION_ITEM_CODE='P-160' THEN
                   v_income_tax_rate:=3.3;
                WHEN C_PAY_DEDUCTION_MGT.PAY_DEDUCTION_ITEM_CODE='P-170' THEN
                   v_local_income_tax_rate := 10;
                ELSE
                   DBMS_OUTPUT.PUT_LINE('NOT FOUND DATA');
                END CASE;
           
           END IF; --지급일때 공제일때 종료 IF
     
    -------------------------------------------------
      --공통부분 pay_deduction테이블에 넣기
    
        SELECT PAY_DEDUCTION_SEQ.NEXTVAL INTO v_pay_deduction_seq FROM dual;
            
             INSERT INTO PAY_DEDUCTION(
                      PAY_DEDUCTION_SEQ,
                      PAY_DEDUCTION_ITEM_CODE,
                      PAY_DEDUCTION_ITEM_NAME,
                      PRICE,
                      EMP_CODE,
                      PAYMENT_DATE
                  )VALUES(
                      v_pay_deduction_seq,
                      C_PAY_DEDUCTION_MGT.PAY_DEDUCTION_ITEM_CODE,
                      C_PAY_DEDUCTION_MGT.PAY_DEDUCTION_ITEM_NAME,
                      ROUND(v_price,-2),
                      C_EMPLOYEE.EMP_CODE,
                      p_payment_date
                  );
     
    ----------------------------------------------------   
           
            END LOOP; --PAY DEDUCTION종료
  
     
     -------------------------------------pay_deduction 다시 계산해서 넣기
           SELECT SUM(PD.PRICE) 
         INTO v_total_income_price 
         FROM PAY_DEDUCTION PD , PAY_DEDUCTION_MGT PDM
         WHERE PD.PAY_DEDUCTION_ITEM_CODE=PDM.PAY_DEDUCTION_ITEM_CODE
         AND PDM.PAY_DEDUCTION_TYPE_CODE='PDC001' --지급
         AND PDM.TAX_TYPE_CODE='PTC001' --과세
         AND EMP_CODE= C_EMPLOYEE.EMP_CODE;
         

         FOR C_PAY_DEDUCTION_UPDATE_FIRST IN(
          SELECT * 
          FROM PAY_DEDUCTION
          WHERE PAY_DEDUCTION_ITEM_CODE IN('P-120','P-140','P-150','P-160')
          AND EMP_CODE=C_EMPLOYEE.EMP_CODE
         )
         LOOP   --PAY_DEDUCTION_UPDATE_FIRST 시작
            CASE WHEN C_PAY_DEDUCTION_UPDATE_FIRST.PAY_DEDUCTION_ITEM_CODE='P-120' THEN  --국민연금보험 금액 업데이트
                       
                       v_national_insurance_price := v_total_income_price * v_national_pen_rate/100;
                       
                       UPDATE PAY_DEDUCTION SET
                       PRICE = ROUND(v_national_insurance_price,-2)
                       WHERE pay_deduction_item_code='P-120'
                       AND EMP_CODE=C_EMPLOYEE.EMP_CODE;
                       
                 WHEN C_PAY_DEDUCTION_UPDATE_FIRST.PAY_DEDUCTION_ITEM_CODE='P-140' THEN --건강보험 금액 업데이트
                  
                      v_health_insurance_price := v_total_income_price * v_health_insur_rate/100;
                      
                      UPDATE PAY_DEDUCTION SET
                       PRICE = ROUND(v_health_insurance_price,-2)
                       WHERE pay_deduction_item_code='P-140'
                       AND EMP_CODE=C_EMPLOYEE.EMP_CODE;
                 WHEN C_PAY_DEDUCTION_UPDATE_FIRST.PAY_DEDUCTION_ITEM_CODE='P-150' THEN --고용보험 금액 업데이트
                     
                       v_employeement_insurance_price := v_total_income_price * v_employeement_insur_rate/100;
                      
                      UPDATE PAY_DEDUCTION SET
                       PRICE = ROUND(v_employeement_insurance_price,-2)
                       WHERE pay_deduction_item_code='P-150'
                       AND EMP_CODE=C_EMPLOYEE.EMP_CODE;
                 WHEN C_PAY_DEDUCTION_UPDATE_FIRST.PAY_DEDUCTION_ITEM_CODE='P-160' THEN --소득세 업데이트
                      
                        v_income_tax := v_total_income_price * v_income_tax_rate /100;
                      
                       UPDATE PAY_DEDUCTION SET
                       PRICE = ROUND(v_income_tax,-2)
                       WHERE pay_deduction_item_code='P-160'
                       AND EMP_CODE=C_EMPLOYEE.EMP_CODE;
                 ELSE
                      DBMS_OUTPUT.PUT_LINE('NOT FOUND DATA');
            END CASE;
            
         END LOOP; --PAY_DEDUCTION_UPDATE_FIRST 종료
     
     
                 FOR C_PAY_DEDUCTION_UPDATE_SECOND IN(
                     SELECT * 
                     FROM PAY_DEDUCTION
                     WHERE PAY_DEDUCTION_ITEM_CODE IN('P-130','P-170')
                     AND EMP_CODE=C_EMPLOYEE.EMP_CODE
                 )
            LOOP --PAY_DEDUCTION_UPDATE_SECOND 시작
            
            
             CASE WHEN C_PAY_DEDUCTION_UPDATE_SECOND.PAY_DEDUCTION_ITEM_CODE='P-130' THEN  --장기요양보험 금액 업데이트
                       
                       v_long_term_care_price := v_health_insurance_price * v_long_term_care_rate/100;
                       
                       UPDATE PAY_DEDUCTION SET
                       PRICE = ROUND(v_long_term_care_price,-2)
                       WHERE pay_deduction_item_code='P-130'
                       AND EMP_CODE=C_EMPLOYEE.EMP_CODE;
                       
                  WHEN C_PAY_DEDUCTION_UPDATE_SECOND.PAY_DEDUCTION_ITEM_CODE='P-170' THEN --지방소득세 업데이트
                      
                        v_local_income_tax :=  v_income_tax * v_local_income_tax_rate/100;
                       
                       UPDATE PAY_DEDUCTION SET
                       PRICE = ROUND(v_local_income_tax,-2)
                       WHERE pay_deduction_item_code='P-170'
                       AND EMP_CODE=C_EMPLOYEE.EMP_CODE;
                  ELSE
                        DBMS_OUTPUT.PUT_LINE('NOT FOUND DATA');
                   END CASE;
            
            END LOOP; --PAY_DEDUCTION_UPDATE_SECOND 종료
     
     -------------------------------------
     
     ------------------SAL_INPUT테이블에 넣기-------------------------
     
                SELECT HIRE_DATE
                      ,RETIRE_DATE 
                INTO 
                      v_hire_date
                     ,v_retire_date
                FROM WORK_INFO
                WHERE EMP_CODE=C_EMPLOYEE.EMP_CODE;
     
     
              SELECT SUM(P.PRICE) 
              INTO v_total_salary
              FROM  PAY_DEDUCTION P 
                   ,PAY_DEDUCTION_MGT M
              WHERE P.PAY_DEDUCTION_ITEM_CODE=M.PAY_DEDUCTION_ITEM_CODE
              AND M.PAY_DEDUCTION_TYPE_CODE='PDC001'
              AND EMP_CODE= C_EMPLOYEE.EMP_CODE;
     
            
              SELECT SUM(P.PRICE) 
              INTO v_total_deduction_price
              FROM PAY_DEDUCTION P 
                  ,PAY_DEDUCTION_MGT M
              WHERE P.PAY_DEDUCTION_ITEM_CODE=M.PAY_DEDUCTION_ITEM_CODE
              AND M.PAY_DEDUCTION_TYPE_CODE='PDC002'
              AND EMP_CODE= C_EMPLOYEE.EMP_CODE;
     
     v_chine_payments:= v_total_salary - v_total_deduction_price;
     
     
     INSERT INTO SAL_INPUT
       (PAYMENT_DATE
      ,EMP_CODE
      ,SALARY_TYPE_CODE
      ,TOTAL_SALARY
      ,TOTAL_DEDUCTION_PRICE
      ,DEPT_CODE
      ,POSITION_CODE
      ,HIRE_DATE
      ,RETIRE_DATE
      ,CHINE_PAYMENTS)    
    VALUES(
      p_payment_date
     ,C_EMPLOYEE.EMP_CODE
     ,'PAC002'
     ,v_total_salary
     ,v_total_deduction_price
     ,C_EMPLOYEE.DEPT_CODE
     ,C_EMPLOYEE.POSITION_CODE
     ,v_hire_date
     ,v_retire_date
     ,v_chine_payments);
 
     
     ----------------SAL_INPUT_TABLE에 다넣음------------------------------------------------
     
     
     END LOOP; --사원커서 종료
 -----------------------------------------------------------------------------    
     END IF;  --월근태마감이 瑛뺐嚥 안瑛뺐嚥 종료 IF
END P_CALC_PAY;

END P_HR_PAY;

/
--------------------------------------------------------
--  DDL for Procedure SEQUENCE_RESET
--------------------------------------------------------
set define off;

  CREATE OR REPLACE PROCEDURE "TEST4"."SEQUENCE_RESET" (sequencename IN VARCHAR2) AS
				curr_val INTEGER;
BEGIN
    EXECUTE IMMEDIATE 'ALTER SEQUENCE ' || sequencename ||' MINVALUE 0';
    EXECUTE IMMEDIATE 'SELECT ' || sequencename ||'.NEXTVAL FROM DUAL' INTO curr_val;
    EXECUTE IMMEDIATE 'ALTER SEQUENCE ' || sequencename ||' INCREMENT BY -'||curr_val;
    EXECUTE IMMEDIATE 'SELECT ' || sequencename ||'.NEXTVAL FROM DUAL' INTO curr_val;
    EXECUTE IMMEDIATE 'ALTER SEQUENCE ' || sequencename ||' INCREMENT BY 1';
END ;

/
